season,league_indicator,conference_id,conference_display,division_id,division_display,team_id,is_division_champion,is_conference_champion,notes
1933,N,,,NFLE,NFL East,NG042,1,0,
1933,N,,,NFLE,NFL East,BD061,0,0,
1933,N,,,NFLE,NFL East,BR065,0,0,
1933,N,,,NFLE,NFL East,PE066,0,0,
1933,N,,,NFLE,NFL East,PP067,0,0,
1933,N,,,NFLW,NFL West,CB026,1,0,
1933,N,,,NFLW,NFL West,PS062,0,0,
1933,N,,,NFLW,NFL West,GP020,0,0,
1933,N,,,NFLW,NFL West,CR068,0,0,
1933,N,,,NFLW,NFL West,CC004,0,0,
1934,N,,,NFLE,NFL East,NG042,1,0,
1934,N,,,NFLE,NFL East,BD061,0,0,
1934,N,,,NFLE,NFL East,BR065,0,0,
1934,N,,,NFLE,NFL East,PE066,0,0,
1934,N,,,NFLE,NFL East,PP067,0,0,
1934,N,,,NFLW,NFL West,CB026,1,0,
1934,N,,,NFLW,NFL West,DL069,0,0,
1934,N,,,NFLW,NFL West,GP020,0,0,
1934,N,,,NFLW,NFL West,CR068,0,0,
1934,N,,,NFLW,NFL West,CC004,0,0,
1934,N,,,NFLW,NFL West,SG070,0,0,
1935,N,,,NFLE,NFL East,NG042,1,0,
1935,N,,,NFLE,NFL East,BD061,0,0,
1935,N,,,NFLE,NFL East,BR065,0,0,
1935,N,,,NFLE,NFL East,PE066,0,0,
1935,N,,,NFLE,NFL East,PP067,0,0,
1935,N,,,NFLW,NFL West,CB026,0,0,
1935,N,,,NFLW,NFL West,DL069,1,0,
1935,N,,,NFLW,NFL West,GP020,0,0,
1935,N,,,NFLW,NFL West,CC004,0,0,
1936,N,,,NFLE,NFL East,NG042,0,0,
1936,N,,,NFLE,NFL East,BD061,0,0,
1936,N,,,NFLE,NFL East,BR065,1,0,
1936,N,,,NFLE,NFL East,PE066,0,0,
1936,N,,,NFLE,NFL East,PP067,0,0,
1936,N,,,NFLW,NFL West,CB026,0,0,
1936,N,,,NFLW,NFL West,DL069,0,0,
1936,N,,,NFLW,NFL West,GP020,1,0,
1936,N,,,NFLW,NFL West,CC004,0,0,
1937,N,,,NFLE,NFL East,NG042,0,0,
1937,N,,,NFLE,NFL East,BD061,0,0,
1937,N,,,NFLE,NFL East,WR071,1,0,
1937,N,,,NFLE,NFL East,PE066,0,0,
1937,N,,,NFLE,NFL East,PP067,0,0,
1937,N,,,NFLW,NFL West,CB026,1,0,
1937,N,,,NFLW,NFL West,DL069,0,0,
1937,N,,,NFLW,NFL West,GP020,0,0,
1937,N,,,NFLW,NFL West,CC004,0,0,
1937,N,,,NFLW,NFL West,CR072,0,0,
1938,N,,,NFLE,NFL East,NG042,1,0,
1938,N,,,NFLE,NFL East,BD061,0,0,
1938,N,,,NFLE,NFL East,WR071,0,0,
1938,N,,,NFLE,NFL East,PE066,0,0,
1938,N,,,NFLE,NFL East,PP067,0,0,
1938,N,,,NFLW,NFL West,CB026,0,0,
1938,N,,,NFLW,NFL West,DL069,0,0,
1938,N,,,NFLW,NFL West,GP020,1,0,
1938,N,,,NFLW,NFL West,CC004,0,0,
1938,N,,,NFLW,NFL West,CR072,0,0,
1939,N,,,NFLE,NFL East,NG042,1,0,
1939,N,,,NFLE,NFL East,BD061,0,0,
1939,N,,,NFLE,NFL East,WR071,0,0,
1939,N,,,NFLE,NFL East,PE066,0,0,
1939,N,,,NFLE,NFL East,PP067,0,0,
1939,N,,,NFLW,NFL West,CB026,0,0,
1939,N,,,NFLW,NFL West,DL069,0,0,
1939,N,,,NFLW,NFL West,GP020,1,0,
1939,N,,,NFLW,NFL West,CC004,0,0,
1939,N,,,NFLW,NFL West,CR072,0,0,
1940,N,,,NFLE,NFL East,NG042,0,0,
1940,N,,,NFLE,NFL East,BD061,0,0,
1940,N,,,NFLE,NFL East,WR071,1,0,
1940,N,,,NFLE,NFL East,PE066,0,0,
1940,N,,,NFLE,NFL East,PS073,0,0,
1940,N,,,NFLW,NFL West,CB026,1,0,
1940,N,,,NFLW,NFL West,DL069,0,0,
1940,N,,,NFLW,NFL West,GP020,0,0,
1940,N,,,NFLW,NFL West,CC004,0,0,
1940,N,,,NFLW,NFL West,CR072,0,0,
1941,N,,,NFLE,NFL East,NG042,1,0,
1941,N,,,NFLE,NFL East,BD061,0,0,
1941,N,,,NFLE,NFL East,WR071,0,0,
1941,N,,,NFLE,NFL East,PE066,0,0,
1941,N,,,NFLE,NFL East,PS073,0,0,
1941,N,,,NFLW,NFL West,CB026,1,0,
1941,N,,,NFLW,NFL West,DL069,0,0,
1941,N,,,NFLW,NFL West,GP020,0,0,
1941,N,,,NFLW,NFL West,CC004,0,0,
1941,N,,,NFLW,NFL West,CR072,0,0,
1942,N,,,NFLE,NFL East,NG042,0,0,
1942,N,,,NFLE,NFL East,BD061,0,0,
1942,N,,,NFLE,NFL East,WR071,1,0,
1942,N,,,NFLE,NFL East,PE066,0,0,
1942,N,,,NFLE,NFL East,PS073,0,0,
1942,N,,,NFLW,NFL West,CB026,1,0,
1942,N,,,NFLW,NFL West,DL069,0,0,
1942,N,,,NFLW,NFL West,GP020,0,0,
1942,N,,,NFLW,NFL West,CC004,0,0,
1942,N,,,NFLW,NFL West,CR072,0,0,
1943,N,,,NFLE,NFL East,NG042,0,0,
1943,N,,,NFLE,NFL East,BD061,0,0,
1943,N,,,NFLE,NFL East,WR071,1,0,
1943,N,,,NFLE,NFL East,PE074,0,0,
1943,N,,,NFLW,NFL West,CB026,1,0,
1943,N,,,NFLW,NFL West,DL069,0,0,
1943,N,,,NFLW,NFL West,GP020,0,0,
1943,N,,,NFLW,NFL West,CC004,0,0,
1944,N,,,NFLE,NFL East,NG042,1,0,
1944,N,,,NFLE,NFL East,BT076,0,0,
1944,N,,,NFLE,NFL East,WR071,0,0,
1944,N,,,NFLE,NFL East,PE066,0,0,
1944,N,,,NFLE,NFL East,BY077,0,0,
1944,N,,,NFLW,NFL West,CB026,0,0,
1944,N,,,NFLW,NFL West,DL069,0,0,
1944,N,,,NFLW,NFL West,GP020,1,0,
1944,N,,,NFLW,NFL West,CC075,0,0,
1944,N,,,NFLW,NFL West,CR072,0,0,
1945,N,,,NFLE,NFL East,NG042,0,0,
1945,N,,,NFLE,NFL East,PS073,0,0,
1945,N,,,NFLE,NFL East,WR071,1,0,
1945,N,,,NFLE,NFL East,PE066,0,0,
1945,N,,,NFLE,NFL East,BY078,0,0,
1945,N,,,NFLW,NFL West,CB026,0,0,
1945,N,,,NFLW,NFL West,DL069,0,0,
1945,N,,,NFLW,NFL West,GP020,0,0,
1945,N,,,NFLW,NFL West,CC04,0,0,
1945,N,,,NFLW,NFL West,CR072,1,0,
1946,N,,,NFLE,NFL East,NG042,1,0,
1946,N,,,NFLE,NFL East,PS073,0,0,
1946,N,,,NFLE,NFL East,WR071,0,0,
1946,N,,,NFLE,NFL East,PE066,0,0,
1946,N,,,NFLE,NFL East,BY080,0,0,
1946,N,,,NFLW,NFL West,CB026,1,0,
1946,N,,,NFLW,NFL West,DL069,0,0,
1946,N,,,NFLW,NFL West,GP020,0,0,
1946,N,,,NFLW,NFL West,CC04,0,0,
1946,N,,,NFLW,NFL West,LR079,0,0,
1946,AA,,,AAE,AAFC East,NY081,1,0,
1946,AA,,,AAE,AAFC East,BB082,0,0,
1946,AA,,,AAE,AAFC East,BD083,0,0,
1946,AA,,,AAE,AAFC East,MS084,0,0,
1946,AA,,,AAW,AAFC West,CB085,1,0,
1946,AA,,,AAW,AAFC West,S4086,0,0,
1946,AA,,,AAW,AAFC West,LD087,0,0,
1946,AA,,,AAW,AAFC West,CR088,0,0,
1947,N,,,NFLE,NFL East,NG042,0,0,
1947,N,,,NFLE,NFL East,PS073,0,0,
1947,N,,,NFLE,NFL East,WR071,0,0,
1947,N,,,NFLE,NFL East,PE066,1,0,
1947,N,,,NFLE,NFL East,BY080,0,0,
1947,N,,,NFLW,NFL West,CB026,1,0,
1947,N,,,NFLW,NFL West,DL069,0,0,
1947,N,,,NFLW,NFL West,GP020,0,0,
1947,N,,,NFLW,NFL West,CC04,0,0,
1947,N,,,NFLW,NFL West,LR079,0,0,
1947,AA,,,AAE,AAFC East,NY081,1,0,
1947,AA,,,AAE,AAFC East,BB082,0,0,
1947,AA,,,AAE,AAFC East,BD083,0,0,
1947,AA,,,AAE,AAFC East,BC090,0,0,
1947,AA,,,AAW,AAFC West,CB085,1,0,
1947,AA,,,AAW,AAFC West,S4086,0,0,
1947,AA,,,AAW,AAFC West,LD087,0,0,
1947,AA,,,AAW,AAFC West,CR088,0,0,
1948,N,,,NFLE,NFL East,NG042,0,0,
1948,N,,,NFLE,NFL East,PS073,0,0,
1948,N,,,NFLE,NFL East,WR071,0,0,
1948,N,,,NFLE,NFL East,PE066,1,0,
1948,N,,,NFLE,NFL East,BY080,0,0,
1948,N,,,NFLW,NFL West,CB026,0,0,
1948,N,,,NFLW,NFL West,DL069,0,0,
1948,N,,,NFLW,NFL West,GP020,0,0,
1948,N,,,NFLW,NFL West,CC04,1,0,
1948,N,,,NFLW,NFL West,LR079,0,0,
1948,AA,,,AAE,AAFC East,NY081,0,0,
1948,AA,,,AAE,AAFC East,BB082,1,0,
1948,AA,,,AAE,AAFC East,BD083,0,0,
1948,AA,,,AAE,AAFC East,BC090,0,0,
1948,AA,,,AAW,AAFC West,CB085,1,0,
1948,AA,,,AAW,AAFC West,S4086,0,0,
1948,AA,,,AAW,AAFC West,LD087,0,0,
1948,AA,,,AAW,AAFC West,CR088,0,0,
1949,N,,,NFLE,NFL East,NG042,0,0,
1949,N,,,NFLE,NFL East,PS073,0,0,
1949,N,,,NFLE,NFL East,WR071,0,0,
1949,N,,,NFLE,NFL East,PE066,1,0,
1949,N,,,NFLE,NFL East,NB093,0,0,
1949,N,,,NFLW,NFL West,CB026,0,0,
1949,N,,,NFLW,NFL West,DL069,0,0,
1949,N,,,NFLW,NFL West,GP020,0,0,
1949,N,,,NFLW,NFL West,CC04,0,0,
1949,N,,,NFLW,NFL West,LR079,1,0,
1950,N,NFLEC,NFL American Conference,,,CB085,0,1,
1950,N,NFLEC,NFL American Conference,,,NG042,0,0,
1950,N,NFLEC,NFL American Conference,,,PE066,0,0,
1950,N,NFLEC,NFL American Conference,,,PS073,0,0,
1950,N,NFLEC,NFL American Conference,,,CC004,0,0,
1950,N,NFLEC,NFL American Conference,,,WR071,0,0,
1950,N,NFLWC,NFL National Conference,,,LR079,0,1,
1950,N,NFLWC,NFL National Conference,,,CB026,0,0,
1950,N,NFLWC,NFL National Conference,,,NY094,0,0,
1950,N,NFLWC,NFL National Conference,,,DL069,0,0,
1950,N,NFLWC,NFL National Conference,,,GP020,0,0,
1950,N,NFLWC,NFL National Conference,,,S4086,0,0,
1950,N,NFLWC,NFL National Conference,,,BC090,0,0,
1951,N,NFLEC,NFL American Conference,,,CB085,0,1,
1951,N,NFLEC,NFL American Conference,,,NG042,0,0,
1951,N,NFLEC,NFL American Conference,,,PE066,0,0,
1951,N,NFLEC,NFL American Conference,,,PS073,0,0,
1951,N,NFLEC,NFL American Conference,,,CC004,0,0,
1951,N,NFLEC,NFL American Conference,,,WR071,0,0,
1951,N,NFLWC,NFL National Conference,,,LR079,0,1,
1951,N,NFLWC,NFL National Conference,,,CB026,0,0,
1951,N,NFLWC,NFL National Conference,,,NY094,0,0,
1951,N,NFLWC,NFL National Conference,,,DL069,0,0,
1951,N,NFLWC,NFL National Conference,,,GP020,0,0,
1951,N,NFLWC,NFL National Conference,,,S4086,0,0,
1952,N,NFLEC,NFL American Conference,,,CB085,0,1,
1952,N,NFLEC,NFL American Conference,,,NG042,0,0,
1952,N,NFLEC,NFL American Conference,,,PE066,0,0,
1952,N,NFLEC,NFL American Conference,,,PS073,0,0,
1952,N,NFLEC,NFL American Conference,,,CC004,0,0,
1952,N,NFLEC,NFL American Conference,,,WR071,0,0,
1952,N,NFLWC,NFL National Conference,,,LR079,0,0,
1952,N,NFLWC,NFL National Conference,,,CB026,0,0,
1952,N,NFLWC,NFL National Conference,,,DT095,0,0,
1952,N,NFLWC,NFL National Conference,,,DL069,0,1,
1952,N,NFLWC,NFL National Conference,,,GP020,0,0,
1952,N,NFLWC,NFL National Conference,,,S4086,0,0,
1953,N,NFLEC,NFL Eastern Confrence,,,CB085,0,1,
1953,N,NFLEC,NFL Eastern Confrence,,,NG042,0,0,
1953,N,NFLEC,NFL Eastern Confrence,,,PE066,0,0,
1953,N,NFLEC,NFL Eastern Confrence,,,PS073,0,0,
1953,N,NFLEC,NFL Eastern Confrence,,,CC004,0,0,
1953,N,NFLEC,NFL Eastern Confrence,,,WR071,0,0,
1953,N,NFLWC,NFL Western Conference,,,LR079,0,0,
1953,N,NFLWC,NFL Western Conference,,,CB026,0,0,
1953,N,NFLWC,NFL Western Conference,,,BC096,0,0,
1953,N,NFLWC,NFL Western Conference,,,DL069,0,1,
1953,N,NFLWC,NFL Western Conference,,,GP020,0,0,
1953,N,NFLWC,NFL Western Conference,,,S4086,0,0,
1954,N,NFLEC,NFL Eastern Confrence,,,CB085,0,1,
1954,N,NFLEC,NFL Eastern Confrence,,,NG042,0,0,
1954,N,NFLEC,NFL Eastern Confrence,,,PE066,0,0,
1954,N,NFLEC,NFL Eastern Confrence,,,PS073,0,0,
1954,N,NFLEC,NFL Eastern Confrence,,,CC004,0,0,
1954,N,NFLEC,NFL Eastern Confrence,,,WR071,0,0,
1954,N,NFLWC,NFL Western Conference,,,LR079,0,0,
1954,N,NFLWC,NFL Western Conference,,,CB026,0,0,
1954,N,NFLWC,NFL Western Conference,,,BC096,0,0,
1954,N,NFLWC,NFL Western Conference,,,DL069,0,1,
1954,N,NFLWC,NFL Western Conference,,,GP020,0,0,
1954,N,NFLWC,NFL Western Conference,,,S4086,0,0,
1955,N,NFLEC,NFL Eastern Confrence,,,CB085,0,1,
1955,N,NFLEC,NFL Eastern Confrence,,,NG042,0,0,
1955,N,NFLEC,NFL Eastern Confrence,,,PE066,0,0,
1955,N,NFLEC,NFL Eastern Confrence,,,PS073,0,0,
1955,N,NFLEC,NFL Eastern Confrence,,,CC004,0,0,
1955,N,NFLEC,NFL Eastern Confrence,,,WR071,0,0,
1955,N,NFLWC,NFL Western Conference,,,LR079,0,1,
1955,N,NFLWC,NFL Western Conference,,,CB026,0,0,
1955,N,NFLWC,NFL Western Conference,,,BC096,0,0,
1955,N,NFLWC,NFL Western Conference,,,DL069,0,0,
1955,N,NFLWC,NFL Western Conference,,,GP020,0,0,
1955,N,NFLWC,NFL Western Conference,,,S4086,0,0,
1956,N,NFLEC,NFL Eastern Confrence,,,CB085,0,0,
1956,N,NFLEC,NFL Eastern Confrence,,,NG042,0,1,
1956,N,NFLEC,NFL Eastern Confrence,,,PE066,0,0,
1956,N,NFLEC,NFL Eastern Confrence,,,PS073,0,0,
1956,N,NFLEC,NFL Eastern Confrence,,,CC004,0,0,
1956,N,NFLEC,NFL Eastern Confrence,,,WR071,0,0,
1956,N,NFLWC,NFL Western Conference,,,LR079,0,0,
1956,N,NFLWC,NFL Western Conference,,,CB026,0,1,
1956,N,NFLWC,NFL Western Conference,,,BC096,0,0,
1956,N,NFLWC,NFL Western Conference,,,DL069,0,0,
1956,N,NFLWC,NFL Western Conference,,,GP020,0,0,
1956,N,NFLWC,NFL Western Conference,,,S4086,0,0,
1957,N,NFLEC,NFL Eastern Confrence,,,CB085,0,1,
1957,N,NFLEC,NFL Eastern Confrence,,,NG042,0,0,
1957,N,NFLEC,NFL Eastern Confrence,,,PE066,0,0,
1957,N,NFLEC,NFL Eastern Confrence,,,PS073,0,0,
1957,N,NFLEC,NFL Eastern Confrence,,,CC004,0,0,
1957,N,NFLEC,NFL Eastern Confrence,,,WR071,0,0,
1957,N,NFLWC,NFL Western Conference,,,LR079,0,0,
1957,N,NFLWC,NFL Western Conference,,,CB026,0,0,
1957,N,NFLWC,NFL Western Conference,,,BC096,0,0,
1957,N,NFLWC,NFL Western Conference,,,DL069,0,1,
1957,N,NFLWC,NFL Western Conference,,,GP020,0,0,
1957,N,NFLWC,NFL Western Conference,,,S4086,0,0,
1958,N,NFLEC,NFL Eastern Confrence,,,CB085,0,0,
1958,N,NFLEC,NFL Eastern Confrence,,,NG042,0,1,
1958,N,NFLEC,NFL Eastern Confrence,,,PE066,0,0,
1958,N,NFLEC,NFL Eastern Confrence,,,PS073,0,0,
1958,N,NFLEC,NFL Eastern Confrence,,,CC004,0,0,
1958,N,NFLEC,NFL Eastern Confrence,,,WR071,0,0,
1958,N,NFLWC,NFL Western Conference,,,LR079,0,0,
1958,N,NFLWC,NFL Western Conference,,,CB026,0,0,
1958,N,NFLWC,NFL Western Conference,,,BC096,0,1,
1958,N,NFLWC,NFL Western Conference,,,DL069,0,0,
1958,N,NFLWC,NFL Western Conference,,,GP020,0,0,
1958,N,NFLWC,NFL Western Conference,,,S4086,0,0,
1959,N,NFLEC,NFL Eastern Confrence,,,CB085,0,0,
1959,N,NFLEC,NFL Eastern Confrence,,,NG042,0,1,
1959,N,NFLEC,NFL Eastern Confrence,,,PE066,0,0,
1959,N,NFLEC,NFL Eastern Confrence,,,PS073,0,0,
1959,N,NFLEC,NFL Eastern Confrence,,,CC004,0,0,
1959,N,NFLEC,NFL Eastern Confrence,,,WR071,0,0,
1959,N,NFLWC,NFL Western Conference,,,LR079,0,0,
1959,N,NFLWC,NFL Western Conference,,,CB026,0,0,
1959,N,NFLWC,NFL Western Conference,,,BC096,0,1,
1959,N,NFLWC,NFL Western Conference,,,DL069,0,0,
1959,N,NFLWC,NFL Western Conference,,,GP020,0,0,
1959,N,NFLWC,NFL Western Conference,,,S4086,0,0,
1960,N,NFLEC,NFL Eastern Confrence,,,CB085,0,0,
1960,N,NFLEC,NFL Eastern Confrence,,,NG042,0,0,
1960,N,NFLEC,NFL Eastern Confrence,,,PE066,0,1,
1960,N,NFLEC,NFL Eastern Confrence,,,PS073,0,0,
1960,N,NFLEC,NFL Eastern Confrence,,,SC097,0,0,
1960,N,NFLEC,NFL Eastern Confrence,,,WR071,0,0,
1960,N,NFLWC,NFL Western Conference,,,LR079,0,0,
1960,N,NFLWC,NFL Western Conference,,,CB026,0,0,
1960,N,NFLWC,NFL Western Conference,,,BC096,0,0,
1960,N,NFLWC,NFL Western Conference,,,DL069,0,0,
1960,N,NFLWC,NFL Western Conference,,,GP020,0,1,
1960,N,NFLWC,NFL Western Conference,,,S4086,0,0,
1960,N,NFLWC,NFL Wester Conference,,,DC098,0,0,
1960,A,,,AFCE,AFL East,HO099,1,0,
1960,A,,,AFCE,AFL East,NT100,0,0,
1960,A,,,AFCE,AFL East,BB101,0,0,
1960,A,,,AFCE,AFL East,BP102,0,0,
1960,A,,,AFCW,AFL West,LC103,1,0,
1960,A,,,AFCW,AFL West,DT104,0,0,
1960,A,,,AFCW,AFL West,OR105,0,0,
1960,A,,,AFCW,AFL West,DB106,0,0,
1961,N,NFLEC,NFL Eastern Confrence,,,CB085,0,0,
1961,N,NFLEC,NFL Eastern Confrence,,,NG042,0,1,
1961,N,NFLEC,NFL Eastern Confrence,,,PE066,0,0,
1961,N,NFLEC,NFL Eastern Confrence,,,PS073,0,0,
1961,N,NFLEC,NFL Eastern Confrence,,,SC097,0,0,
1961,N,NFLEC,NFL Eastern Confrence,,,WR071,0,0,
1961,N,NFLEC,NFL Eastern Confrence,,,DC098,0,0,
1961,N,NFLWC,NFL Western Conference,,,LR079,0,0,
1961,N,NFLWC,NFL Western Conference,,,CB026,0,0,
1961,N,NFLWC,NFL Western Conference,,,BC096,0,0,
1961,N,NFLWC,NFL Western Conference,,,DL069,0,0,
1961,N,NFLWC,NFL Western Conference,,,GP020,0,1,
1961,N,NFLWC,NFL Western Conference,,,S4086,0,0,
1961,N,NFLWC,NFL Western Conference,,,MV108,0,0,
1961,A,,,AFCE,AFL East,HO099,1,0,
1961,A,,,AFCE,AFL East,NT100,0,0,
1961,A,,,AFCE,AFL East,BB101,0,0,
1961,A,,,AFCE,AFL East,BP102,0,0,
1961,A,,,AFCW,AFL West,SC107,1,0,
1961,A,,,AFCW,AFL West,DT104,0,0,
1961,A,,,AFCW,AFL West,OR105,0,0,
1961,A,,,AFCW,AFL West,DB106,0,0,
1962,N,NFLEC,NFL Eastern Confrence,,,CB085,0,0,
1962,N,NFLEC,NFL Eastern Confrence,,,NG042,0,1,
1962,N,NFLEC,NFL Eastern Confrence,,,PE066,0,0,
1962,N,NFLEC,NFL Eastern Confrence,,,PS073,0,0,
1962,N,NFLEC,NFL Eastern Confrence,,,SC097,0,0,
1962,N,NFLEC,NFL Eastern Confrence,,,WR071,0,0,
1962,N,NFLEC,NFL Eastern Confrence,,,DC098,0,0,
1962,N,NFLWC,NFL Western Conference,,,LR079,0,0,
1962,N,NFLWC,NFL Western Conference,,,CB026,0,0,
1962,N,NFLWC,NFL Western Conference,,,BC096,0,0,
1962,N,NFLWC,NFL Western Conference,,,DL069,0,0,
1962,N,NFLWC,NFL Western Conference,,,GP020,0,1,
1962,N,NFLWC,NFL Western Conference,,,S4086,0,0,
1962,N,NFLWC,NFL Western Conference,,,MV108,0,0,
1962,A,,,AFCE,AFL East,HO099,1,0,
1962,A,,,AFCE,AFL East,NT100,0,0,
1962,A,,,AFCE,AFL East,BB101,0,0,
1962,A,,,AFCE,AFL East,BP102,0,0,
1962,A,,,AFCW,AFL West,SC107,0,0,
1962,A,,,AFCW,AFL West,DT104,1,0,
1962,A,,,AFCW,AFL West,OR105,0,0,
1962,A,,,AFCW,AFL West,DB106,0,0,
1963,N,NFLEC,NFL Eastern Confrence,,,CB085,0,0,
1963,N,NFLEC,NFL Eastern Confrence,,,NG042,0,1,
1963,N,NFLEC,NFL Eastern Confrence,,,PE066,0,0,
1963,N,NFLEC,NFL Eastern Confrence,,,PS073,0,0,
1963,N,NFLEC,NFL Eastern Confrence,,,SC097,0,0,
1963,N,NFLEC,NFL Eastern Confrence,,,WR071,0,0,
1963,N,NFLEC,NFL Eastern Confrence,,,DC098,0,0,
1963,N,NFLWC,NFL Western Conference,,,LR079,0,0,
1963,N,NFLWC,NFL Western Conference,,,CB026,0,1,
1963,N,NFLWC,NFL Western Conference,,,BC096,0,0,
1963,N,NFLWC,NFL Western Conference,,,DL069,0,0,
1963,N,NFLWC,NFL Western Conference,,,GP020,0,0,
1963,N,NFLWC,NFL Western Conference,,,S4086,0,0,
1963,N,NFLWC,NFL Western Conference,,,MV108,0,0,
1963,A,,,AFCE,AFL East,HO099,0,0,
1963,A,,,AFCE,AFL East,NJ110,0,0,
1963,A,,,AFCE,AFL East,BB101,0,0,
1963,A,,,AFCE,AFL East,BP102,1,0,
1963,A,,,AFCW,AFL West,SC107,1,0,
1963,A,,,AFCW,AFL West,KC109,0,0,
1963,A,,,AFCW,AFL West,OR105,0,0,
1963,A,,,AFCW,AFL West,DB106,0,0,
1964,N,NFLEC,NFL Eastern Confrence,,,CB085,0,1,
1964,N,NFLEC,NFL Eastern Confrence,,,NG042,0,0,
1964,N,NFLEC,NFL Eastern Confrence,,,PE066,0,0,
1964,N,NFLEC,NFL Eastern Confrence,,,PS073,0,0,
1964,N,NFLEC,NFL Eastern Confrence,,,SC097,0,0,
1964,N,NFLEC,NFL Eastern Confrence,,,WR071,0,0,
1964,N,NFLEC,NFL Eastern Confrence,,,DC098,0,0,
1964,N,NFLWC,NFL Western Conference,,,LR079,0,0,
1964,N,NFLWC,NFL Western Conference,,,CB026,0,0,
1964,N,NFLWC,NFL Western Conference,,,BC096,0,1,
1964,N,NFLWC,NFL Western Conference,,,DL069,0,0,
1964,N,NFLWC,NFL Western Conference,,,GP020,0,0,
1964,N,NFLWC,NFL Western Conference,,,S4086,0,0,
1964,N,NFLWC,NFL Western Conference,,,MV108,0,0,
1964,A,,,AFCE,AFL East,HO099,0,0,
1964,A,,,AFCE,AFL East,NJ110,0,0,
1964,A,,,AFCE,AFL East,BB101,1,0,
1964,A,,,AFCE,AFL East,BP102,0,0,
1964,A,,,AFCW,AFL West,SC107,1,0,
1964,A,,,AFCW,AFL West,KC109,0,0,
1964,A,,,AFCW,AFL West,OR105,0,0,
1964,A,,,AFCW,AFL West,DB106,0,0,
1965,N,NFLEC,NFL Eastern Confrence,,,CB085,0,1,
1965,N,NFLEC,NFL Eastern Confrence,,,NG042,0,0,
1965,N,NFLEC,NFL Eastern Confrence,,,PE066,0,0,
1965,N,NFLEC,NFL Eastern Confrence,,,PS073,0,0,
1965,N,NFLEC,NFL Eastern Confrence,,,SC097,0,0,
1965,N,NFLEC,NFL Eastern Confrence,,,WR071,0,0,
1965,N,NFLEC,NFL Eastern Confrence,,,DC098,0,0,
1965,N,NFLWC,NFL Western Conference,,,LR079,0,0,
1965,N,NFLWC,NFL Western Conference,,,CB026,0,0,
1965,N,NFLWC,NFL Western Conference,,,BC096,0,0,
1965,N,NFLWC,NFL Western Conference,,,DL069,0,0,
1965,N,NFLWC,NFL Western Conference,,,GP020,0,1,
1965,N,NFLWC,NFL Western Conference,,,S4086,0,0,
1965,N,NFLWC,NFL Western Conference,,,MV108,0,0,
1965,A,,,AFCE,AFL East,HO099,0,0,
1965,A,,,AFCE,AFL East,NJ110,0,0,
1965,A,,,AFCE,AFL East,BB101,1,0,
1965,A,,,AFCE,AFL East,BP102,0,0,
1965,A,,,AFCW,AFL West,SC107,1,0,
1965,A,,,AFCW,AFL West,KC109,0,0,
1965,A,,,AFCW,AFL West,OR105,0,0,
1965,A,,,AFCW,AFL West,DB106,0,0,
1966,N,NFLEC,NFL Eastern Confrence,,,CB085,0,0,
1966,N,NFLEC,NFL Eastern Confrence,,,NG042,0,0,
1966,N,NFLEC,NFL Eastern Confrence,,,PE066,0,0,
1966,N,NFLEC,NFL Eastern Confrence,,,PS073,0,0,
1966,N,NFLEC,NFL Eastern Confrence,,,SC097,0,0,
1966,N,NFLEC,NFL Eastern Confrence,,,WR071,0,0,
1966,N,NFLEC,NFL Eastern Confrence,,,DC098,0,1,
1966,N,NFLEC,NFL Western Conference,,,AF112,0,0,
1966,N,NFLWC,NFL Western Conference,,,LR079,0,0,
1966,N,NFLWC,NFL Western Conference,,,CB026,0,0,
1966,N,NFLWC,NFL Western Conference,,,BC096,0,0,
1966,N,NFLWC,NFL Western Conference,,,DL069,0,0,
1966,N,NFLWC,NFL Western Conference,,,GP020,0,1,
1966,N,NFLWC,NFL Western Conference,,,S4086,0,0,
1966,N,NFLWC,NFL Western Conference,,,MV108,0,0,
1966,A,,,AFCE,AFL East,HO099,0,0,
1966,A,,,AFCE,AFL East,NJ110,0,0,
1966,A,,,AFCE,AFL East,BB101,1,0,
1966,A,,,AFCE,AFL East,BP102,0,0,
1966,A,,,AFCE,AFL East,MD111,0,0,
1966,A,,,AFCW,AFL West,SC107,0,0,
1966,A,,,AFCW,AFL West,KC109,1,0,
1966,A,,,AFCW,AFL West,OR105,0,0,
1966,A,,,AFCW,AFL West,DB106,0,0,
1967,N,NFLEC,NFL Eastern Confrence,NFCE,NFL Eastern Capitol,DC098,1,1,
1967,N,NFLEC,NFL Eastern Confrence,NFCE,NFL Eastern Capitol,PE066,0,0,
1967,N,NFLEC,NFL Eastern Confrence,NFCE,NFL Eastern Capitol,WR071,0,0,
1967,N,NFLEC,NFL Eastern Confrence,NFCE,NFL Eastern Capitol,NS113,0,0,
1967,N,NFLEC,NFL Eastern Confrence,NFCC,NFL Eastern Century,CB085,1,0,
1967,N,NFLEC,NFL Eastern Confrence,NFCC,NFL Eastern Century,NG042,0,0,
1967,N,NFLEC,NFL Eastern Confrence,NFCC,NFL Eastern Century,SC097,0,0,
1967,N,NFLEC,NFL Eastern Confrence,NFCC,NFL Eastern Century,PS073,0,0,
1967,N,NFLWC,NFL Western Conference,NFCN,NFL Western Central,GP020,1,1,
1967,N,NFLWC,NFL Western Conference,NFCN,NFL Western Central,CB026,0,0,
1967,N,NFLWC,NFL Western Conference,NFCN,NFL Western Central,DL069,0,0,
1967,N,NFLWC,NFL Western Conference,NFCN,NFL Western Central,MV108,0,0,
1967,N,NFLWC,NFL Western Conference,NFCW,NFL Western Coastal,LR079,1,0,
1967,N,NFLWC,NFL Western Conference,NFCW,NFL Western Coastal,BC096,0,0,
1967,N,NFLWC,NFL Western Conference,NFCW,NFL Western Coastal,S4086,0,0,
1967,N,NFLWC,NFL Western Conference,NFCW,NFL Western Coastal,AF112,0,0,
1967,A,,,AFCE,AFL East,HO099,1,0,
1967,A,,,AFCE,AFL East,NJ110,0,0,
1967,A,,,AFCE,AFL East,BB101,0,0,
1967,A,,,AFCE,AFL East,BP102,0,0,
1967,A,,,AFCE,AFL East,MD111,0,0,
1967,A,,,AFCW,AFL West,SC107,0,0,
1967,A,,,AFCW,AFL West,KC109,0,0,
1967,A,,,AFCW,AFL West,OR105,1,0,
1967,A,,,AFCW,AFL West,DB106,0,0,
1968,N,NFLEC,NFL Eastern Confrence,NFCE,NFL Eastern Capitol,DC098,1,0,
1968,N,NFLEC,NFL Eastern Confrence,NFCE,NFL Eastern Capitol,PE066,0,0,
1968,N,NFLEC,NFL Eastern Confrence,NFCE,NFL Eastern Capitol,WR071,0,0,
1968,N,NFLEC,NFL Eastern Confrence,NFCE,NFL Eastern Capitol,NG042,0,0,
1968,N,NFLEC,NFL Eastern Confrence,NFCC,NFL Eastern Century,CB085,1,1,
1968,N,NFLEC,NFL Eastern Confrence,NFCC,NFL Eastern Century,NS113,0,0,
1968,N,NFLEC,NFL Eastern Confrence,NFCC,NFL Eastern Century,SC097,0,0,
1968,N,NFLEC,NFL Eastern Confrence,NFCC,NFL Eastern Century,PS073,0,0,
1968,N,NFLWC,NFL Western Conference,NFCN,NFL Western Central,GP020,0,0,
1968,N,NFLWC,NFL Western Conference,NFCN,NFL Western Central,CB026,0,0,
1968,N,NFLWC,NFL Western Conference,NFCN,NFL Western Central,DL069,0,0,
1968,N,NFLWC,NFL Western Conference,NFCN,NFL Western Central,MV108,1,0,
1968,N,NFLWC,NFL Western Conference,NFCW,NFL Western Coastal,LR079,0,0,
1968,N,NFLWC,NFL Western Conference,NFCW,NFL Western Coastal,BC096,1,1,
1968,N,NFLWC,NFL Western Conference,NFCW,NFL Western Coastal,S4086,0,0,
1968,N,NFLWC,NFL Western Conference,NFCW,NFL Western Coastal,AF112,0,0,
1968,A,,,AFCE,AFL East,HO099,0,0,
1968,A,,,AFCE,AFL East,NJ110,1,0,
1968,A,,,AFCE,AFL East,BB101,0,0,
1968,A,,,AFCE,AFL East,BP102,0,0,
1968,A,,,AFCE,AFL East,MD111,0,0,
1968,A,,,AFCW,AFL West,SC107,0,0,
1968,A,,,AFCW,AFL West,KC109,0,0,
1968,A,,,AFCW,AFL West,OR105,1,0,
1968,A,,,AFCW,AFL West,DB106,0,0,
1968,A,,,AFCW,AFL West,CB114,0,0,
1969,N,NFLEC,NFL Eastern Confrence,NFCE,NFL Eastern Capitol,DC098,1,0,
1969,N,NFLEC,NFL Eastern Confrence,NFCE,NFL Eastern Capitol,PE066,0,0,
1969,N,NFLEC,NFL Eastern Confrence,NFCE,NFL Eastern Capitol,WR071,0,0,
1969,N,NFLEC,NFL Eastern Confrence,NFCE,NFL Eastern Capitol,NS113,0,0,
1969,N,NFLEC,NFL Eastern Confrence,NFCC,NFL Eastern Century,CB085,1,1,
1969,N,NFLEC,NFL Eastern Confrence,NFCC,NFL Eastern Century,NG042,0,0,
1969,N,NFLEC,NFL Eastern Confrence,NFCC,NFL Eastern Century,SC097,0,0,
1969,N,NFLEC,NFL Eastern Confrence,NFCC,NFL Eastern Century,PS073,0,0,
1969,N,NFLWC,NFL Western Conference,NFCN,NFL Western Central,GP020,0,0,
1969,N,NFLWC,NFL Western Conference,NFCN,NFL Western Central,CB026,0,0,
1969,N,NFLWC,NFL Western Conference,NFCN,NFL Western Central,DL069,0,0,
1969,N,NFLWC,NFL Western Conference,NFCN,NFL Western Central,MV108,1,1,
1969,N,NFLWC,NFL Western Conference,NFCW,NFL Western Coastal,LR079,1,0,
1969,N,NFLWC,NFL Western Conference,NFCW,NFL Western Coastal,BC096,0,0,
1969,N,NFLWC,NFL Western Conference,NFCW,NFL Western Coastal,S4086,0,0,
1969,N,NFLWC,NFL Western Conference,NFCW,NFL Western Coastal,AF112,0,0,
1969,A,,,AFCE,AFL East,HO099,0,0,
1969,A,,,AFCE,AFL East,NJ110,1,0,
1969,A,,,AFCE,AFL East,BB101,0,0,
1969,A,,,AFCE,AFL East,BP102,0,0,
1969,A,,,AFCE,AFL East,MD111,0,0,
1969,A,,,AFCW,AFL West,SC107,0,0,
1969,A,,,AFCW,AFL West,KC109,0,0,
1969,A,,,AFCW,AFL West,OR105,1,0,
1969,A,,,AFCW,AFL West,DB106,0,0,
1969,A,,,AFCW,AFL West,CB114,0,0,
1970,N,AFC,AFC,AFCE,AFC East,BC096,1,1,
1970,N,AFC,AFC,AFCE,AFC East,MD111,0,0,
1970,N,AFC,AFC,AFCE,AFC East,NJ110,0,0,
1970,N,AFC,AFC,AFCE,AFC East,BB101,0,0,
1970,N,AFC,AFC,AFCE,AFC East,BP102,0,0,
1970,N,AFC,AFC,AFCN,AFC Central,CB114,1,0,
1970,N,AFC,AFC,AFCN,AFC Central,CB085,0,0,
1970,N,AFC,AFC,AFCN,AFC Central,PS073,0,0,
1970,N,AFC,AFC,AFCN,AFC Central,HO099,0,0,
1970,N,AFC,AFC,AFCW,AFC West,OR105,1,0,
1970,N,AFC,AFC,AFCW,AFC West,KC109,0,0,
1970,N,AFC,AFC,AFCW,AFC West,SC107,0,0,
1970,N,AFC,AFC,AFCW,AFC West,DB106,0,0,
1970,N,NFC,NFC,NFCE,NFC East,DC098,1,1,
1970,N,NFC,NFC,NFCE,NFC East,NG042,0,0,
1970,N,NFC,NFC,NFCE,NFC East,SC097,0,0,
1970,N,NFC,NFC,NFCE,NFC East,WR071,0,0,
1970,N,NFC,NFC,NFCE,NFC East,PE066,0,0,
1970,N,NFC,NFC,NFCN,NFC Central,MV108,1,0,
1970,N,NFC,NFC,NFCN,NFC Central,DL069,0,0,
1970,N,NFC,NFC,NFCN,NFC Central,GP020,0,0,
1970,N,NFC,NFC,NFCN,NFC Central,CB026,0,0,
1970,N,NFC,NFC,NFCW,NFC West,S4086,1,0,
1970,N,NFC,NFC,NFCW,NFC West,LR079,0,0,
1970,N,NFC,NFC,NFCW,NFC West,AF112,0,0,
1970,N,NFC,NFC,NFCW,NFC West,NS113,0,0,
1971,N,AFC,AFC,AFCE,AFC East,BC096,0,0,
1971,N,AFC,AFC,AFCE,AFC East,MD111,1,1,
1971,N,AFC,AFC,AFCE,AFC East,NJ110,0,0,
1971,N,AFC,AFC,AFCE,AFC East,BB101,0,0,
1971,N,AFC,AFC,AFCE,AFC East,NP115,0,0,
1971,N,AFC,AFC,AFCN,AFC Central,CB114,0,0,
1971,N,AFC,AFC,AFCN,AFC Central,CB085,1,0,
1971,N,AFC,AFC,AFCN,AFC Central,PS073,0,0,
1971,N,AFC,AFC,AFCN,AFC Central,HO099,0,0,
1971,N,AFC,AFC,AFCW,AFC West,OR105,0,0,
1971,N,AFC,AFC,AFCW,AFC West,KC109,1,0,
1971,N,AFC,AFC,AFCW,AFC West,SC107,0,0,
1971,N,AFC,AFC,AFCW,AFC West,DB106,0,0,
1971,N,NFC,NFC,NFCE,NFC East,DC098,1,1,
1971,N,NFC,NFC,NFCE,NFC East,NG042,0,0,
1971,N,NFC,NFC,NFCE,NFC East,SC097,0,0,
1971,N,NFC,NFC,NFCE,NFC East,WR071,0,0,
1971,N,NFC,NFC,NFCE,NFC East,PE066,0,0,
1971,N,NFC,NFC,NFCN,NFC Central,MV108,1,0,
1971,N,NFC,NFC,NFCN,NFC Central,DL069,0,0,
1971,N,NFC,NFC,NFCN,NFC Central,GP020,0,0,
1971,N,NFC,NFC,NFCN,NFC Central,CB026,0,0,
1971,N,NFC,NFC,NFCW,NFC West,S4086,1,0,
1971,N,NFC,NFC,NFCW,NFC West,LR079,0,0,
1971,N,NFC,NFC,NFCW,NFC West,AF112,0,0,
1971,N,NFC,NFC,NFCW,NFC West,NS113,0,0,
1972,N,AFC,AFC,AFCE,AFC East,BC096,0,0,
1972,N,AFC,AFC,AFCE,AFC East,MD111,1,1,
1972,N,AFC,AFC,AFCE,AFC East,NJ110,0,0,
1972,N,AFC,AFC,AFCE,AFC East,BB101,0,0,
1972,N,AFC,AFC,AFCE,AFC East,NP115,0,0,
1972,N,AFC,AFC,AFCN,AFC Central,CB114,0,0,
1972,N,AFC,AFC,AFCN,AFC Central,CB085,0,0,
1972,N,AFC,AFC,AFCN,AFC Central,PS073,1,0,
1972,N,AFC,AFC,AFCN,AFC Central,HO099,0,0,
1972,N,AFC,AFC,AFCW,AFC West,OR105,1,0,
1972,N,AFC,AFC,AFCW,AFC West,KC109,0,0,
1972,N,AFC,AFC,AFCW,AFC West,SC107,0,0,
1972,N,AFC,AFC,AFCW,AFC West,DB106,0,0,
1972,N,NFC,NFC,NFCE,NFC East,DC098,0,0,
1972,N,NFC,NFC,NFCE,NFC East,NG042,0,0,
1972,N,NFC,NFC,NFCE,NFC East,SC097,0,0,
1972,N,NFC,NFC,NFCE,NFC East,WR071,1,1,
1972,N,NFC,NFC,NFCE,NFC East,PE066,0,0,
1972,N,NFC,NFC,NFCN,NFC Central,MV108,0,0,
1972,N,NFC,NFC,NFCN,NFC Central,DL069,0,0,
1972,N,NFC,NFC,NFCN,NFC Central,GP020,1,0,
1972,N,NFC,NFC,NFCN,NFC Central,CB026,0,0,
1972,N,NFC,NFC,NFCW,NFC West,S4086,1,0,
1972,N,NFC,NFC,NFCW,NFC West,LR079,0,0,
1972,N,NFC,NFC,NFCW,NFC West,AF112,0,0,
1972,N,NFC,NFC,NFCW,NFC West,NS113,0,0,
1973,N,AFC,AFC,AFCE,AFC East,BC096,0,0,
1973,N,AFC,AFC,AFCE,AFC East,MD111,1,1,
1973,N,AFC,AFC,AFCE,AFC East,NJ110,0,0,
1973,N,AFC,AFC,AFCE,AFC East,BB101,0,0,
1973,N,AFC,AFC,AFCE,AFC East,NP115,0,0,
1973,N,AFC,AFC,AFCN,AFC Central,CB114,1,0,
1973,N,AFC,AFC,AFCN,AFC Central,CB085,0,0,
1973,N,AFC,AFC,AFCN,AFC Central,PS073,0,0,
1973,N,AFC,AFC,AFCN,AFC Central,HO099,0,0,
1973,N,AFC,AFC,AFCW,AFC West,OR105,1,0,
1973,N,AFC,AFC,AFCW,AFC West,KC109,0,0,
1973,N,AFC,AFC,AFCW,AFC West,SC107,0,0,
1973,N,AFC,AFC,AFCW,AFC West,DB106,0,0,
1973,N,NFC,NFC,NFCE,NFC East,DC098,1,0,
1973,N,NFC,NFC,NFCE,NFC East,NG042,0,0,
1973,N,NFC,NFC,NFCE,NFC East,SC097,0,0,
1973,N,NFC,NFC,NFCE,NFC East,WR071,0,0,
1973,N,NFC,NFC,NFCE,NFC East,PE066,0,0,
1973,N,NFC,NFC,NFCN,NFC Central,MV108,1,1,
1973,N,NFC,NFC,NFCN,NFC Central,DL069,0,0,
1973,N,NFC,NFC,NFCN,NFC Central,GP020,0,0,
1973,N,NFC,NFC,NFCN,NFC Central,CB026,0,0,
1973,N,NFC,NFC,NFCW,NFC West,S4086,0,0,
1973,N,NFC,NFC,NFCW,NFC West,LR079,1,0,
1973,N,NFC,NFC,NFCW,NFC West,AF112,0,0,
1973,N,NFC,NFC,NFCW,NFC West,NS113,0,0,
1974,N,AFC,AFC,AFCE,AFC East,BC096,0,0,
1974,N,AFC,AFC,AFCE,AFC East,MD111,1,0,
1974,N,AFC,AFC,AFCE,AFC East,NJ110,0,0,
1974,N,AFC,AFC,AFCE,AFC East,BB101,0,0,
1974,N,AFC,AFC,AFCE,AFC East,NP115,0,0,
1974,N,AFC,AFC,AFCN,AFC Central,CB114,0,0,
1974,N,AFC,AFC,AFCN,AFC Central,CB085,0,0,
1974,N,AFC,AFC,AFCN,AFC Central,PS073,1,1,
1974,N,AFC,AFC,AFCN,AFC Central,HO099,0,0,
1974,N,AFC,AFC,AFCW,AFC West,OR105,1,0,
1974,N,AFC,AFC,AFCW,AFC West,KC109,0,0,
1974,N,AFC,AFC,AFCW,AFC West,SC107,0,0,
1974,N,AFC,AFC,AFCW,AFC West,DB106,0,0,
1974,N,NFC,NFC,NFCE,NFC East,DC098,0,0,
1974,N,NFC,NFC,NFCE,NFC East,NG042,0,0,
1974,N,NFC,NFC,NFCE,NFC East,SC097,1,0,
1974,N,NFC,NFC,NFCE,NFC East,WR071,0,0,
1974,N,NFC,NFC,NFCE,NFC East,PE066,0,0,
1974,N,NFC,NFC,NFCN,NFC Central,MV108,1,1,
1974,N,NFC,NFC,NFCN,NFC Central,DL069,0,0,
1974,N,NFC,NFC,NFCN,NFC Central,GP020,0,0,
1974,N,NFC,NFC,NFCN,NFC Central,CB026,0,0,
1974,N,NFC,NFC,NFCW,NFC West,S4086,0,0,
1974,N,NFC,NFC,NFCW,NFC West,LR079,1,0,
1974,N,NFC,NFC,NFCW,NFC West,AF112,0,0,
1974,N,NFC,NFC,NFCW,NFC West,NS113,0,0,
1975,N,AFC,AFC,AFCE,AFC East,BC096,1,0,
1975,N,AFC,AFC,AFCE,AFC East,MD111,0,0,
1975,N,AFC,AFC,AFCE,AFC East,NJ110,0,0,
1975,N,AFC,AFC,AFCE,AFC East,BB101,0,0,
1975,N,AFC,AFC,AFCE,AFC East,NP115,0,0,
1975,N,AFC,AFC,AFCN,AFC Central,CB114,0,0,
1975,N,AFC,AFC,AFCN,AFC Central,CB085,0,0,
1975,N,AFC,AFC,AFCN,AFC Central,PS073,1,1,
1975,N,AFC,AFC,AFCN,AFC Central,HO099,0,0,
1975,N,AFC,AFC,AFCW,AFC West,OR105,1,0,
1975,N,AFC,AFC,AFCW,AFC West,KC109,0,0,
1975,N,AFC,AFC,AFCW,AFC West,SC107,0,0,
1975,N,AFC,AFC,AFCW,AFC West,DB106,0,0,
1975,N,NFC,NFC,NFCE,NFC East,DC098,0,1,
1975,N,NFC,NFC,NFCE,NFC East,NG042,0,0,
1975,N,NFC,NFC,NFCE,NFC East,SC097,1,0,
1975,N,NFC,NFC,NFCE,NFC East,WR071,0,0,
1975,N,NFC,NFC,NFCE,NFC East,PE066,0,0,
1975,N,NFC,NFC,NFCN,NFC Central,MV108,1,0,
1975,N,NFC,NFC,NFCN,NFC Central,DL069,0,0,
1975,N,NFC,NFC,NFCN,NFC Central,GP020,0,0,
1975,N,NFC,NFC,NFCN,NFC Central,CB026,0,0,
1975,N,NFC,NFC,NFCW,NFC West,S4086,0,0,
1975,N,NFC,NFC,NFCW,NFC West,LR079,1,0,
1975,N,NFC,NFC,NFCW,NFC West,AF112,0,0,
1975,N,NFC,NFC,NFCW,NFC West,NS113,0,0,
1976,N,AFC,AFC,AFCE,AFC East,BC096,1,0,
1976,N,AFC,AFC,AFCE,AFC East,MD111,0,0,
1976,N,AFC,AFC,AFCE,AFC East,NJ110,0,0,
1976,N,AFC,AFC,AFCE,AFC East,BB101,0,0,
1976,N,AFC,AFC,AFCE,AFC East,NP115,0,0,
1976,N,AFC,AFC,AFCN,AFC Central,CB114,0,0,
1976,N,AFC,AFC,AFCN,AFC Central,CB085,0,0,
1976,N,AFC,AFC,AFCN,AFC Central,PS073,1,0,
1976,N,AFC,AFC,AFCN,AFC Central,HO099,0,0,
1976,N,AFC,AFC,AFCW,AFC West,OR105,1,1,
1976,N,AFC,AFC,AFCW,AFC West,KC109,0,0,
1976,N,AFC,AFC,AFCW,AFC West,SC107,0,0,
1976,N,AFC,AFC,AFCW,AFC West,DB106,0,0,
1976,N,AFC,AFC,AFCW,AFC West,TB116,0,0,
1976,N,NFC,NFC,NFCE,NFC East,DC098,1,0,
1976,N,NFC,NFC,NFCE,NFC East,NG042,0,0,
1976,N,NFC,NFC,NFCE,NFC East,SC097,0,0,
1976,N,NFC,NFC,NFCE,NFC East,WR071,0,0,
1976,N,NFC,NFC,NFCE,NFC East,PE066,0,0,
1976,N,NFC,NFC,NFCN,NFC Central,MV108,1,1,
1976,N,NFC,NFC,NFCN,NFC Central,DL069,0,0,
1976,N,NFC,NFC,NFCN,NFC Central,GP020,0,0,
1976,N,NFC,NFC,NFCN,NFC Central,CB026,0,0,
1976,N,NFC,NFC,NFCW,NFC West,S4086,0,0,
1976,N,NFC,NFC,NFCW,NFC West,LR079,1,0,
1976,N,NFC,NFC,NFCW,NFC West,AF112,0,0,
1976,N,NFC,NFC,NFCW,NFC West,NS113,0,0,
1976,N,NFC,NFC,NFCW,NFC West,SS117,0,0,
1977,N,AFC,AFC,AFCE,AFC East,BC096,1,0,
1977,N,AFC,AFC,AFCE,AFC East,MD111,0,0,
1977,N,AFC,AFC,AFCE,AFC East,NJ110,0,0,
1977,N,AFC,AFC,AFCE,AFC East,BB101,0,0,
1977,N,AFC,AFC,AFCE,AFC East,NP115,0,0,
1977,N,AFC,AFC,AFCN,AFC Central,CB114,0,0,
1977,N,AFC,AFC,AFCN,AFC Central,CB085,0,0,
1977,N,AFC,AFC,AFCN,AFC Central,PS073,1,0,
1977,N,AFC,AFC,AFCN,AFC Central,HO099,0,0,
1977,N,AFC,AFC,AFCW,AFC West,OR105,0,0,
1977,N,AFC,AFC,AFCW,AFC West,KC109,0,0,
1977,N,AFC,AFC,AFCW,AFC West,SC107,0,0,
1977,N,AFC,AFC,AFCW,AFC West,DB106,1,1,
1977,N,AFC,AFC,AFCW,AFC West,SS117,0,0,
1977,N,NFC,NFC,NFCE,NFC East,DC098,1,1,
1977,N,NFC,NFC,NFCE,NFC East,NG042,0,0,
1977,N,NFC,NFC,NFCE,NFC East,SC097,0,0,
1977,N,NFC,NFC,NFCE,NFC East,WR071,0,0,
1977,N,NFC,NFC,NFCE,NFC East,PE066,0,0,
1977,N,NFC,NFC,NFCN,NFC Central,MV108,1,0,
1977,N,NFC,NFC,NFCN,NFC Central,DL069,0,0,
1977,N,NFC,NFC,NFCN,NFC Central,GP020,0,0,
1977,N,NFC,NFC,NFCN,NFC Central,CB026,0,0,
1977,N,NFC,NFC,NFCN,NFC Central,TB116,0,0,
1977,N,NFC,NFC,NFCW,NFC West,S4086,0,0,
1977,N,NFC,NFC,NFCW,NFC West,LR079,1,0,
1977,N,NFC,NFC,NFCW,NFC West,AF112,0,0,
1977,N,NFC,NFC,NFCW,NFC West,NS113,0,0,
1978,N,AFC,AFC,AFCE,AFC East,BC096,0,0,
1978,N,AFC,AFC,AFCE,AFC East,MD111,0,0,
1978,N,AFC,AFC,AFCE,AFC East,NJ110,0,0,
1978,N,AFC,AFC,AFCE,AFC East,BB101,0,0,
1978,N,AFC,AFC,AFCE,AFC East,NP115,1,0,
1978,N,AFC,AFC,AFCN,AFC Central,CB114,0,0,
1978,N,AFC,AFC,AFCN,AFC Central,CB085,0,0,
1978,N,AFC,AFC,AFCN,AFC Central,PS073,1,1,
1978,N,AFC,AFC,AFCN,AFC Central,HO099,0,0,
1978,N,AFC,AFC,AFCW,AFC West,OR105,0,0,
1978,N,AFC,AFC,AFCW,AFC West,KC109,0,0,
1978,N,AFC,AFC,AFCW,AFC West,SC107,0,0,
1978,N,AFC,AFC,AFCW,AFC West,DB106,1,0,
1978,N,AFC,AFC,AFCW,AFC West,SS117,0,0,
1978,N,NFC,NFC,NFCE,NFC East,DC098,1,1,
1978,N,NFC,NFC,NFCE,NFC East,NG042,0,0,
1978,N,NFC,NFC,NFCE,NFC East,SC097,0,0,
1978,N,NFC,NFC,NFCE,NFC East,WR071,0,0,
1978,N,NFC,NFC,NFCE,NFC East,PE066,0,0,
1978,N,NFC,NFC,NFCN,NFC Central,MV108,1,0,
1978,N,NFC,NFC,NFCN,NFC Central,DL069,0,0,
1978,N,NFC,NFC,NFCN,NFC Central,GP020,0,0,
1978,N,NFC,NFC,NFCN,NFC Central,CB026,0,0,
1978,N,NFC,NFC,NFCN,NFC Central,TB116,0,0,
1978,N,NFC,NFC,NFCW,NFC West,S4086,0,0,
1978,N,NFC,NFC,NFCW,NFC West,LR079,1,0,
1978,N,NFC,NFC,NFCW,NFC West,AF112,0,0,
1978,N,NFC,NFC,NFCW,NFC West,NS113,0,0,
1979,N,AFC,AFC,AFCE,AFC East,BC096,0,0,
1979,N,AFC,AFC,AFCE,AFC East,MD111,1,0,
1979,N,AFC,AFC,AFCE,AFC East,NJ110,0,0,
1979,N,AFC,AFC,AFCE,AFC East,BB101,0,0,
1979,N,AFC,AFC,AFCE,AFC East,NP115,0,0,
1979,N,AFC,AFC,AFCN,AFC Central,CB114,0,0,
1979,N,AFC,AFC,AFCN,AFC Central,CB085,0,0,
1979,N,AFC,AFC,AFCN,AFC Central,PS073,1,1,
1979,N,AFC,AFC,AFCN,AFC Central,HO099,0,0,
1979,N,AFC,AFC,AFCW,AFC West,OR105,0,0,
1979,N,AFC,AFC,AFCW,AFC West,KC109,0,0,
1979,N,AFC,AFC,AFCW,AFC West,SC107,1,0,
1979,N,AFC,AFC,AFCW,AFC West,DB106,0,0,
1979,N,AFC,AFC,AFCW,AFC West,SS117,0,0,
1979,N,NFC,NFC,NFCE,NFC East,DC098,1,0,
1979,N,NFC,NFC,NFCE,NFC East,NG042,0,0,
1979,N,NFC,NFC,NFCE,NFC East,SC097,0,0,
1979,N,NFC,NFC,NFCE,NFC East,WR071,0,0,
1979,N,NFC,NFC,NFCE,NFC East,PE066,0,0,
1979,N,NFC,NFC,NFCN,NFC Central,MV108,0,0,
1979,N,NFC,NFC,NFCN,NFC Central,DL069,0,0,
1979,N,NFC,NFC,NFCN,NFC Central,GP020,0,0,
1979,N,NFC,NFC,NFCN,NFC Central,CB026,0,0,
1979,N,NFC,NFC,NFCN,NFC Central,TB116,1,0,
1979,N,NFC,NFC,NFCW,NFC West,S4086,0,0,
1979,N,NFC,NFC,NFCW,NFC West,LR079,1,1,
1979,N,NFC,NFC,NFCW,NFC West,AF112,0,0,
1979,N,NFC,NFC,NFCW,NFC West,NS113,0,0,
1980,N,AFC,AFC,AFCE,AFC East,BC096,0,0,
1980,N,AFC,AFC,AFCE,AFC East,MD111,0,0,
1980,N,AFC,AFC,AFCE,AFC East,NJ110,0,0,
1980,N,AFC,AFC,AFCE,AFC East,BB101,1,0,
1980,N,AFC,AFC,AFCE,AFC East,NP115,0,0,
1980,N,AFC,AFC,AFCN,AFC Central,CB114,0,0,
1980,N,AFC,AFC,AFCN,AFC Central,CB085,1,0,
1980,N,AFC,AFC,AFCN,AFC Central,PS073,0,0,
1980,N,AFC,AFC,AFCN,AFC Central,HO099,0,0,
1980,N,AFC,AFC,AFCW,AFC West,OR105,0,1,
1980,N,AFC,AFC,AFCW,AFC West,KC109,0,0,
1980,N,AFC,AFC,AFCW,AFC West,SC107,1,0,
1980,N,AFC,AFC,AFCW,AFC West,DB106,0,0,
1980,N,AFC,AFC,AFCW,AFC West,SS117,0,0,
1980,N,NFC,NFC,NFCE,NFC East,DC098,0,0,
1980,N,NFC,NFC,NFCE,NFC East,NG042,0,0,
1980,N,NFC,NFC,NFCE,NFC East,SC097,0,0,
1980,N,NFC,NFC,NFCE,NFC East,WR071,0,0,
1980,N,NFC,NFC,NFCE,NFC East,PE066,1,1,
1980,N,NFC,NFC,NFCN,NFC Central,MV108,1,0,
1980,N,NFC,NFC,NFCN,NFC Central,DL069,0,0,
1980,N,NFC,NFC,NFCN,NFC Central,GP020,0,0,
1980,N,NFC,NFC,NFCN,NFC Central,CB026,0,0,
1980,N,NFC,NFC,NFCN,NFC Central,TB116,0,0,
1980,N,NFC,NFC,NFCW,NFC West,S4086,0,0,
1980,N,NFC,NFC,NFCW,NFC West,LR079,0,0,
1980,N,NFC,NFC,NFCW,NFC West,AF112,1,0,
1980,N,NFC,NFC,NFCW,NFC West,NS113,0,0,
1981,N,AFC,AFC,AFCE,AFC East,BC096,0,0,
1981,N,AFC,AFC,AFCE,AFC East,MD111,1,0,
1981,N,AFC,AFC,AFCE,AFC East,NJ110,0,0,
1981,N,AFC,AFC,AFCE,AFC East,BB101,0,0,
1981,N,AFC,AFC,AFCE,AFC East,NP115,0,0,
1981,N,AFC,AFC,AFCN,AFC Central,CB114,1,1,
1981,N,AFC,AFC,AFCN,AFC Central,CB085,0,0,
1981,N,AFC,AFC,AFCN,AFC Central,PS073,0,0,
1981,N,AFC,AFC,AFCN,AFC Central,HO099,0,0,
1981,N,AFC,AFC,AFCW,AFC West,OR105,0,0,
1981,N,AFC,AFC,AFCW,AFC West,KC109,0,0,
1981,N,AFC,AFC,AFCW,AFC West,SC107,1,0,
1981,N,AFC,AFC,AFCW,AFC West,DB106,0,0,
1981,N,AFC,AFC,AFCW,AFC West,SS117,0,0,
1981,N,NFC,NFC,NFCE,NFC East,DC098,1,0,
1981,N,NFC,NFC,NFCE,NFC East,NG042,0,0,
1981,N,NFC,NFC,NFCE,NFC East,SC097,0,0,
1981,N,NFC,NFC,NFCE,NFC East,WR071,0,0,
1981,N,NFC,NFC,NFCE,NFC East,PE066,0,0,
1981,N,NFC,NFC,NFCN,NFC Central,MV108,0,0,
1981,N,NFC,NFC,NFCN,NFC Central,DL069,0,0,
1981,N,NFC,NFC,NFCN,NFC Central,GP020,0,0,
1981,N,NFC,NFC,NFCN,NFC Central,CB026,0,0,
1981,N,NFC,NFC,NFCN,NFC Central,TB116,1,0,
1981,N,NFC,NFC,NFCW,NFC West,S4086,1,1,
1981,N,NFC,NFC,NFCW,NFC West,LR079,0,0,
1981,N,NFC,NFC,NFCW,NFC West,AF112,0,0,
1981,N,NFC,NFC,NFCW,NFC West,NS113,0,0,
1982,N,AFC,AFC,,,BC096,,0,
1982,N,AFC,AFC,,,MD111,,1,
1982,N,AFC,AFC,,,NJ110,,0,
1982,N,AFC,AFC,,,BB101,,0,
1982,N,AFC,AFC,,,NP115,,0,
1982,N,AFC,AFC,,,CB114,,0,
1982,N,AFC,AFC,,,CB085,,0,
1982,N,AFC,AFC,,,PS073,,0,
1982,N,AFC,AFC,,,HO099,,0,
1982,N,AFC,AFC,,,LR118,,0,
1982,N,AFC,AFC,,,KC109,,0,
1982,N,AFC,AFC,,,SC107,,0,
1982,N,AFC,AFC,,,DB106,,0,
1982,N,AFC,AFC,,,SS117,,0,
1982,N,NFC,NFC,,,DC098,,0,
1982,N,NFC,NFC,,,NG042,,0,
1982,N,NFC,NFC,,,SC097,,0,
1982,N,NFC,NFC,,,WR071,,1,
1982,N,NFC,NFC,,,PE066,,0,
1982,N,NFC,NFC,,,MV108,,0,
1982,N,NFC,NFC,,,DL069,,0,
1982,N,NFC,NFC,,,GP020,,0,
1982,N,NFC,NFC,,,CB026,,0,
1982,N,NFC,NFC,,,TB116,,0,
1982,N,NFC,NFC,,,S4086,,0,
1982,N,NFC,NFC,,,LR079,,0,
1982,N,NFC,NFC,,,AF112,,0,
1982,N,NFC,NFC,,,NS113,,0,
1983,N,AFC,AFC,AFCE,AFC East,BC096,0,0,
1983,N,AFC,AFC,AFCE,AFC East,MD111,1,0,
1983,N,AFC,AFC,AFCE,AFC East,NJ110,0,0,
1983,N,AFC,AFC,AFCE,AFC East,BB101,0,0,
1983,N,AFC,AFC,AFCE,AFC East,NP115,0,0,
1983,N,AFC,AFC,AFCN,AFC Central,CB114,0,0,
1983,N,AFC,AFC,AFCN,AFC Central,CB085,0,0,
1983,N,AFC,AFC,AFCN,AFC Central,PS073,1,0,
1983,N,AFC,AFC,AFCN,AFC Central,HO099,0,0,
1983,N,AFC,AFC,AFCW,AFC West,LR118,1,1,
1983,N,AFC,AFC,AFCW,AFC West,KC109,0,0,
1983,N,AFC,AFC,AFCW,AFC West,SC107,0,0,
1983,N,AFC,AFC,AFCW,AFC West,DB106,0,0,
1983,N,AFC,AFC,AFCW,AFC West,SS117,0,0,
1983,N,NFC,NFC,NFCE,NFC East,DC098,0,0,
1983,N,NFC,NFC,NFCE,NFC East,NG042,0,0,
1983,N,NFC,NFC,NFCE,NFC East,SC097,0,0,
1983,N,NFC,NFC,NFCE,NFC East,WR071,1,1,
1983,N,NFC,NFC,NFCE,NFC East,PE066,0,0,
1983,N,NFC,NFC,NFCN,NFC Central,MV108,0,0,
1983,N,NFC,NFC,NFCN,NFC Central,DL069,1,0,
1983,N,NFC,NFC,NFCN,NFC Central,GP020,0,0,
1983,N,NFC,NFC,NFCN,NFC Central,CB026,0,0,
1983,N,NFC,NFC,NFCN,NFC Central,TB116,0,0,
1983,N,NFC,NFC,NFCW,NFC West,S4086,1,0,
1983,N,NFC,NFC,NFCW,NFC West,LR079,0,0,
1983,N,NFC,NFC,NFCW,NFC West,AF112,0,0,
1983,N,NFC,NFC,NFCW,NFC West,NS113,0,0,
1984,N,AFC,AFC,AFCE,AFC East,IC119,0,0,
1984,N,AFC,AFC,AFCE,AFC East,MD111,1,1,
1984,N,AFC,AFC,AFCE,AFC East,NJ110,0,0,
1984,N,AFC,AFC,AFCE,AFC East,BB101,0,0,
1984,N,AFC,AFC,AFCE,AFC East,NP115,0,0,
1984,N,AFC,AFC,AFCN,AFC Central,CB114,0,0,
1984,N,AFC,AFC,AFCN,AFC Central,CB085,0,0,
1984,N,AFC,AFC,AFCN,AFC Central,PS073,1,0,
1984,N,AFC,AFC,AFCN,AFC Central,HO099,0,0,
1984,N,AFC,AFC,AFCW,AFC West,LR118,0,0,
1984,N,AFC,AFC,AFCW,AFC West,KC109,0,0,
1984,N,AFC,AFC,AFCW,AFC West,SC107,0,0,
1984,N,AFC,AFC,AFCW,AFC West,DB106,1,0,
1984,N,AFC,AFC,AFCW,AFC West,SS117,0,0,
1984,N,NFC,NFC,NFCE,NFC East,DC098,0,0,
1984,N,NFC,NFC,NFCE,NFC East,NG042,0,0,
1984,N,NFC,NFC,NFCE,NFC East,SC097,0,0,
1984,N,NFC,NFC,NFCE,NFC East,WR071,1,0,
1984,N,NFC,NFC,NFCE,NFC East,PE066,0,0,
1984,N,NFC,NFC,NFCN,NFC Central,MV108,0,0,
1984,N,NFC,NFC,NFCN,NFC Central,DL069,0,0,
1984,N,NFC,NFC,NFCN,NFC Central,GP020,0,0,
1984,N,NFC,NFC,NFCN,NFC Central,CB026,1,0,
1984,N,NFC,NFC,NFCN,NFC Central,TB116,0,0,
1984,N,NFC,NFC,NFCW,NFC West,S4086,1,1,
1984,N,NFC,NFC,NFCW,NFC West,LR079,0,0,
1984,N,NFC,NFC,NFCW,NFC West,AF112,0,0,
1984,N,NFC,NFC,NFCW,NFC West,NS113,0,0,
1985,N,AFC,AFC,AFCE,AFC East,IC119,0,0,
1985,N,AFC,AFC,AFCE,AFC East,MD111,1,0,
1985,N,AFC,AFC,AFCE,AFC East,NJ110,0,0,
1985,N,AFC,AFC,AFCE,AFC East,BB101,0,0,
1985,N,AFC,AFC,AFCE,AFC East,NP115,0,1,
1985,N,AFC,AFC,AFCN,AFC Central,CB114,0,0,
1985,N,AFC,AFC,AFCN,AFC Central,CB085,1,0,
1985,N,AFC,AFC,AFCN,AFC Central,PS073,0,0,
1985,N,AFC,AFC,AFCN,AFC Central,HO099,0,0,
1985,N,AFC,AFC,AFCW,AFC West,LR118,1,0,
1985,N,AFC,AFC,AFCW,AFC West,KC109,0,0,
1985,N,AFC,AFC,AFCW,AFC West,SC107,0,0,
1985,N,AFC,AFC,AFCW,AFC West,DB106,0,0,
1985,N,AFC,AFC,AFCW,AFC West,SS117,0,0,
1985,N,NFC,NFC,NFCE,NFC East,DC098,1,0,
1985,N,NFC,NFC,NFCE,NFC East,NG042,0,0,
1985,N,NFC,NFC,NFCE,NFC East,SC097,0,0,
1985,N,NFC,NFC,NFCE,NFC East,WR071,0,0,
1985,N,NFC,NFC,NFCE,NFC East,PE066,0,0,
1985,N,NFC,NFC,NFCN,NFC Central,MV108,0,0,
1985,N,NFC,NFC,NFCN,NFC Central,DL069,0,0,
1985,N,NFC,NFC,NFCN,NFC Central,GP020,0,0,
1985,N,NFC,NFC,NFCN,NFC Central,CB026,1,1,
1985,N,NFC,NFC,NFCN,NFC Central,TB116,0,0,
1985,N,NFC,NFC,NFCW,NFC West,S4086,0,0,
1985,N,NFC,NFC,NFCW,NFC West,LR079,1,0,
1985,N,NFC,NFC,NFCW,NFC West,AF112,0,0,
1985,N,NFC,NFC,NFCW,NFC West,NS113,0,0,
1986,N,AFC,AFC,AFCE,AFC East,IC119,0,0,
1986,N,AFC,AFC,AFCE,AFC East,MD111,0,0,
1986,N,AFC,AFC,AFCE,AFC East,NJ110,0,0,
1986,N,AFC,AFC,AFCE,AFC East,BB101,0,0,
1986,N,AFC,AFC,AFCE,AFC East,NP115,1,0,
1986,N,AFC,AFC,AFCN,AFC Central,CB114,0,0,
1986,N,AFC,AFC,AFCN,AFC Central,CB085,1,0,
1986,N,AFC,AFC,AFCN,AFC Central,PS073,0,0,
1986,N,AFC,AFC,AFCN,AFC Central,HO099,0,0,
1986,N,AFC,AFC,AFCW,AFC West,LR118,0,0,
1986,N,AFC,AFC,AFCW,AFC West,KC109,0,0,
1986,N,AFC,AFC,AFCW,AFC West,SC107,0,0,
1986,N,AFC,AFC,AFCW,AFC West,DB106,1,1,
1986,N,AFC,AFC,AFCW,AFC West,SS117,0,0,
1986,N,NFC,NFC,NFCE,NFC East,DC098,0,0,
1986,N,NFC,NFC,NFCE,NFC East,NG042,1,1,
1986,N,NFC,NFC,NFCE,NFC East,SC097,0,0,
1986,N,NFC,NFC,NFCE,NFC East,WR071,0,0,
1986,N,NFC,NFC,NFCE,NFC East,PE066,0,0,
1986,N,NFC,NFC,NFCN,NFC Central,MV108,0,0,
1986,N,NFC,NFC,NFCN,NFC Central,DL069,0,0,
1986,N,NFC,NFC,NFCN,NFC Central,GP020,0,0,
1986,N,NFC,NFC,NFCN,NFC Central,CB026,1,0,
1986,N,NFC,NFC,NFCN,NFC Central,TB116,0,0,
1986,N,NFC,NFC,NFCW,NFC West,S4086,1,0,
1986,N,NFC,NFC,NFCW,NFC West,LR079,0,0,
1986,N,NFC,NFC,NFCW,NFC West,AF112,0,0,
1986,N,NFC,NFC,NFCW,NFC West,NS113,0,0,
1987,N,AFC,AFC,AFCE,AFC East,IC119,1,0,
1987,N,AFC,AFC,AFCE,AFC East,MD111,0,0,
1987,N,AFC,AFC,AFCE,AFC East,NJ110,0,0,
1987,N,AFC,AFC,AFCE,AFC East,BB101,0,0,
1987,N,AFC,AFC,AFCE,AFC East,NP115,0,0,
1987,N,AFC,AFC,AFCN,AFC Central,CB114,0,0,
1987,N,AFC,AFC,AFCN,AFC Central,CB085,1,0,
1987,N,AFC,AFC,AFCN,AFC Central,PS073,0,0,
1987,N,AFC,AFC,AFCN,AFC Central,HO099,0,0,
1987,N,AFC,AFC,AFCW,AFC West,LR118,0,0,
1987,N,AFC,AFC,AFCW,AFC West,KC109,0,0,
1987,N,AFC,AFC,AFCW,AFC West,SC107,0,0,
1987,N,AFC,AFC,AFCW,AFC West,DB106,1,1,
1987,N,AFC,AFC,AFCW,AFC West,SS117,0,0,
1987,N,NFC,NFC,NFCE,NFC East,DC098,0,0,
1987,N,NFC,NFC,NFCE,NFC East,NG042,0,0,
1987,N,NFC,NFC,NFCE,NFC East,SC097,0,0,
1987,N,NFC,NFC,NFCE,NFC East,WR071,1,1,
1987,N,NFC,NFC,NFCE,NFC East,PE066,0,0,
1987,N,NFC,NFC,NFCN,NFC Central,MV108,0,0,
1987,N,NFC,NFC,NFCN,NFC Central,DL069,0,0,
1987,N,NFC,NFC,NFCN,NFC Central,GP020,0,0,
1987,N,NFC,NFC,NFCN,NFC Central,CB026,1,0,
1987,N,NFC,NFC,NFCN,NFC Central,TB116,0,0,
1987,N,NFC,NFC,NFCW,NFC West,S4086,1,0,
1987,N,NFC,NFC,NFCW,NFC West,LR079,0,0,
1987,N,NFC,NFC,NFCW,NFC West,AF112,0,0,
1987,N,NFC,NFC,NFCW,NFC West,NS113,0,0,
1988,N,AFC,AFC,AFCE,AFC East,IC119,0,0,
1988,N,AFC,AFC,AFCE,AFC East,MD111,0,0,
1988,N,AFC,AFC,AFCE,AFC East,NJ110,0,0,
1988,N,AFC,AFC,AFCE,AFC East,BB101,1,0,
1988,N,AFC,AFC,AFCE,AFC East,NP115,0,0,
1988,N,AFC,AFC,AFCN,AFC Central,CB114,1,1,
1988,N,AFC,AFC,AFCN,AFC Central,CB085,0,0,
1988,N,AFC,AFC,AFCN,AFC Central,PS073,0,0,
1988,N,AFC,AFC,AFCN,AFC Central,HO099,0,0,
1988,N,AFC,AFC,AFCW,AFC West,LR118,0,0,
1988,N,AFC,AFC,AFCW,AFC West,KC109,0,0,
1988,N,AFC,AFC,AFCW,AFC West,SC107,0,0,
1988,N,AFC,AFC,AFCW,AFC West,DB106,0,0,
1988,N,AFC,AFC,AFCW,AFC West,SS117,1,0,
1988,N,NFC,NFC,NFCE,NFC East,DC098,0,0,
1988,N,NFC,NFC,NFCE,NFC East,NG042,0,0,
1988,N,NFC,NFC,NFCE,NFC East,PC120,0,0,
1988,N,NFC,NFC,NFCE,NFC East,WR071,0,0,
1988,N,NFC,NFC,NFCE,NFC East,PE066,1,0,
1988,N,NFC,NFC,NFCN,NFC Central,MV108,0,0,
1988,N,NFC,NFC,NFCN,NFC Central,DL069,0,0,
1988,N,NFC,NFC,NFCN,NFC Central,GP020,0,0,
1988,N,NFC,NFC,NFCN,NFC Central,CB026,1,0,
1988,N,NFC,NFC,NFCN,NFC Central,TB116,0,0,
1988,N,NFC,NFC,NFCW,NFC West,S4086,1,1,
1988,N,NFC,NFC,NFCW,NFC West,LR079,0,0,
1988,N,NFC,NFC,NFCW,NFC West,AF112,0,0,
1988,N,NFC,NFC,NFCW,NFC West,NS113,0,0,
1989,N,AFC,AFC,AFCE,AFC East,IC119,0,0,
1989,N,AFC,AFC,AFCE,AFC East,MD111,0,0,
1989,N,AFC,AFC,AFCE,AFC East,NJ110,0,0,
1989,N,AFC,AFC,AFCE,AFC East,BB101,1,0,
1989,N,AFC,AFC,AFCE,AFC East,NP115,0,0,
1989,N,AFC,AFC,AFCN,AFC Central,CB114,0,0,
1989,N,AFC,AFC,AFCN,AFC Central,CB085,1,0,
1989,N,AFC,AFC,AFCN,AFC Central,PS073,0,0,
1989,N,AFC,AFC,AFCN,AFC Central,HO099,0,0,
1989,N,AFC,AFC,AFCW,AFC West,LR118,0,0,
1989,N,AFC,AFC,AFCW,AFC West,KC109,0,0,
1989,N,AFC,AFC,AFCW,AFC West,SC107,0,0,
1989,N,AFC,AFC,AFCW,AFC West,DB106,1,1,
1989,N,AFC,AFC,AFCW,AFC West,SS117,0,0,
1989,N,NFC,NFC,NFCE,NFC East,DC098,0,0,
1989,N,NFC,NFC,NFCE,NFC East,NG042,1,0,
1989,N,NFC,NFC,NFCE,NFC East,PC120,0,0,
1989,N,NFC,NFC,NFCE,NFC East,WR071,0,0,
1989,N,NFC,NFC,NFCE,NFC East,PE066,0,0,
1989,N,NFC,NFC,NFCN,NFC Central,MV108,1,0,
1989,N,NFC,NFC,NFCN,NFC Central,DL069,0,0,
1989,N,NFC,NFC,NFCN,NFC Central,GP020,0,0,
1989,N,NFC,NFC,NFCN,NFC Central,CB026,0,0,
1989,N,NFC,NFC,NFCN,NFC Central,TB116,0,0,
1989,N,NFC,NFC,NFCW,NFC West,S4086,1,1,
1989,N,NFC,NFC,NFCW,NFC West,LR079,0,0,
1989,N,NFC,NFC,NFCW,NFC West,AF112,0,0,
1989,N,NFC,NFC,NFCW,NFC West,NS113,0,0,
1990,N,AFC,AFC,AFCE,AFC East,IC119,0,0,
1990,N,AFC,AFC,AFCE,AFC East,MD111,0,0,
1990,N,AFC,AFC,AFCE,AFC East,NJ110,0,0,
1990,N,AFC,AFC,AFCE,AFC East,BB101,1,1,
1990,N,AFC,AFC,AFCE,AFC East,NP115,0,0,
1990,N,AFC,AFC,AFCN,AFC Central,CB114,1,0,
1990,N,AFC,AFC,AFCN,AFC Central,CB085,0,0,
1990,N,AFC,AFC,AFCN,AFC Central,PS073,0,0,
1990,N,AFC,AFC,AFCN,AFC Central,HO099,0,0,
1990,N,AFC,AFC,AFCW,AFC West,LR118,1,0,
1990,N,AFC,AFC,AFCW,AFC West,KC109,0,0,
1990,N,AFC,AFC,AFCW,AFC West,SC107,0,0,
1990,N,AFC,AFC,AFCW,AFC West,DB106,0,0,
1990,N,AFC,AFC,AFCW,AFC West,SS117,0,0,
1990,N,NFC,NFC,NFCE,NFC East,DC098,0,0,
1990,N,NFC,NFC,NFCE,NFC East,NG042,1,1,
1990,N,NFC,NFC,NFCE,NFC East,PC120,0,0,
1990,N,NFC,NFC,NFCE,NFC East,WR071,0,0,
1990,N,NFC,NFC,NFCE,NFC East,PE066,0,0,
1990,N,NFC,NFC,NFCN,NFC Central,MV108,0,0,
1990,N,NFC,NFC,NFCN,NFC Central,DL069,0,0,
1990,N,NFC,NFC,NFCN,NFC Central,GP020,0,0,
1990,N,NFC,NFC,NFCN,NFC Central,CB026,1,0,
1990,N,NFC,NFC,NFCN,NFC Central,TB116,0,0,
1990,N,NFC,NFC,NFCW,NFC West,S4086,1,0,
1990,N,NFC,NFC,NFCW,NFC West,LR079,0,0,
1990,N,NFC,NFC,NFCW,NFC West,AF112,0,0,
1990,N,NFC,NFC,NFCW,NFC West,NS113,0,0,
1991,N,AFC,AFC,AFCE,AFC East,IC119,0,0,
1991,N,AFC,AFC,AFCE,AFC East,MD111,0,0,
1991,N,AFC,AFC,AFCE,AFC East,NJ110,0,0,
1991,N,AFC,AFC,AFCE,AFC East,BB101,1,1,
1991,N,AFC,AFC,AFCE,AFC East,NP115,0,0,
1991,N,AFC,AFC,AFCN,AFC Central,CB114,0,0,
1991,N,AFC,AFC,AFCN,AFC Central,CB085,0,0,
1991,N,AFC,AFC,AFCN,AFC Central,PS073,0,0,
1991,N,AFC,AFC,AFCN,AFC Central,HO099,1,0,
1991,N,AFC,AFC,AFCW,AFC West,LR118,0,0,
1991,N,AFC,AFC,AFCW,AFC West,KC109,0,0,
1991,N,AFC,AFC,AFCW,AFC West,SC107,0,0,
1991,N,AFC,AFC,AFCW,AFC West,DB106,1,0,
1991,N,AFC,AFC,AFCW,AFC West,SS117,0,0,
1991,N,NFC,NFC,NFCE,NFC East,DC098,0,0,
1991,N,NFC,NFC,NFCE,NFC East,NG042,0,0,
1991,N,NFC,NFC,NFCE,NFC East,PC120,0,0,
1991,N,NFC,NFC,NFCE,NFC East,WR071,1,1,
1991,N,NFC,NFC,NFCE,NFC East,PE066,0,0,
1991,N,NFC,NFC,NFCN,NFC Central,MV108,0,0,
1991,N,NFC,NFC,NFCN,NFC Central,DL069,1,0,
1991,N,NFC,NFC,NFCN,NFC Central,GP020,0,0,
1991,N,NFC,NFC,NFCN,NFC Central,CB026,0,0,
1991,N,NFC,NFC,NFCN,NFC Central,TB116,0,0,
1991,N,NFC,NFC,NFCW,NFC West,S4086,0,0,
1991,N,NFC,NFC,NFCW,NFC West,LR079,0,0,
1991,N,NFC,NFC,NFCW,NFC West,AF112,0,0,
1991,N,NFC,NFC,NFCW,NFC West,NS113,1,0,
1992,N,AFC,AFC,AFCE,AFC East,IC119,0,0,
1992,N,AFC,AFC,AFCE,AFC East,MD111,1,0,
1992,N,AFC,AFC,AFCE,AFC East,NJ110,0,0,
1992,N,AFC,AFC,AFCE,AFC East,BB101,0,1,
1992,N,AFC,AFC,AFCE,AFC East,NP115,0,0,
1992,N,AFC,AFC,AFCN,AFC Central,CB114,0,0,
1992,N,AFC,AFC,AFCN,AFC Central,CB085,0,0,
1992,N,AFC,AFC,AFCN,AFC Central,PS073,1,0,
1992,N,AFC,AFC,AFCN,AFC Central,HO099,0,0,
1992,N,AFC,AFC,AFCW,AFC West,LR118,0,0,
1992,N,AFC,AFC,AFCW,AFC West,KC109,0,0,
1992,N,AFC,AFC,AFCW,AFC West,SC107,1,0,
1992,N,AFC,AFC,AFCW,AFC West,DB106,0,0,
1992,N,AFC,AFC,AFCW,AFC West,SS117,0,0,
1992,N,NFC,NFC,NFCE,NFC East,DC098,1,1,
1992,N,NFC,NFC,NFCE,NFC East,NG042,0,0,
1992,N,NFC,NFC,NFCE,NFC East,PC120,0,0,
1992,N,NFC,NFC,NFCE,NFC East,WR071,0,0,
1992,N,NFC,NFC,NFCE,NFC East,PE066,0,0,
1992,N,NFC,NFC,NFCN,NFC Central,MV108,1,0,
1992,N,NFC,NFC,NFCN,NFC Central,DL069,0,0,
1992,N,NFC,NFC,NFCN,NFC Central,GP020,0,0,
1992,N,NFC,NFC,NFCN,NFC Central,CB026,0,0,
1992,N,NFC,NFC,NFCN,NFC Central,TB116,0,0,
1992,N,NFC,NFC,NFCW,NFC West,S4086,1,0,
1992,N,NFC,NFC,NFCW,NFC West,LR079,0,0,
1992,N,NFC,NFC,NFCW,NFC West,AF112,0,0,
1992,N,NFC,NFC,NFCW,NFC West,NS113,0,0,
1993,N,AFC,AFC,AFCE,AFC East,IC119,0,0,
1993,N,AFC,AFC,AFCE,AFC East,MD111,0,0,
1993,N,AFC,AFC,AFCE,AFC East,NJ110,0,0,
1993,N,AFC,AFC,AFCE,AFC East,BB101,1,1,
1993,N,AFC,AFC,AFCE,AFC East,NP115,0,0,
1993,N,AFC,AFC,AFCN,AFC Central,CB114,0,0,
1993,N,AFC,AFC,AFCN,AFC Central,CB085,0,0,
1993,N,AFC,AFC,AFCN,AFC Central,PS073,0,0,
1993,N,AFC,AFC,AFCN,AFC Central,HO099,1,0,
1993,N,AFC,AFC,AFCW,AFC West,LR118,0,0,
1993,N,AFC,AFC,AFCW,AFC West,KC109,1,0,
1993,N,AFC,AFC,AFCW,AFC West,SC107,0,0,
1993,N,AFC,AFC,AFCW,AFC West,DB106,0,0,
1993,N,AFC,AFC,AFCW,AFC West,SS117,0,0,
1993,N,NFC,NFC,NFCE,NFC East,DC098,1,1,
1993,N,NFC,NFC,NFCE,NFC East,NG042,0,0,
1993,N,NFC,NFC,NFCE,NFC East,PC120,0,0,
1993,N,NFC,NFC,NFCE,NFC East,WR071,0,0,
1993,N,NFC,NFC,NFCE,NFC East,PE066,0,0,
1993,N,NFC,NFC,NFCN,NFC Central,MV108,0,0,
1993,N,NFC,NFC,NFCN,NFC Central,DL069,1,0,
1993,N,NFC,NFC,NFCN,NFC Central,GP020,0,0,
1993,N,NFC,NFC,NFCN,NFC Central,CB026,0,0,
1993,N,NFC,NFC,NFCN,NFC Central,TB116,0,0,
1993,N,NFC,NFC,NFCW,NFC West,S4086,1,0,
1993,N,NFC,NFC,NFCW,NFC West,LR079,0,0,
1993,N,NFC,NFC,NFCW,NFC West,AF112,0,0,
1993,N,NFC,NFC,NFCW,NFC West,NS113,0,0,
1994,N,AFC,AFC,AFCE,AFC East,IC119,0,0,
1994,N,AFC,AFC,AFCE,AFC East,MD111,1,0,
1994,N,AFC,AFC,AFCE,AFC East,NJ110,0,0,
1994,N,AFC,AFC,AFCE,AFC East,BB101,0,0,
1994,N,AFC,AFC,AFCE,AFC East,NP115,0,0,
1994,N,AFC,AFC,AFCN,AFC Central,CB114,0,0,
1994,N,AFC,AFC,AFCN,AFC Central,CB085,0,0,
1994,N,AFC,AFC,AFCN,AFC Central,PS073,1,0,
1994,N,AFC,AFC,AFCN,AFC Central,HO099,0,0,
1994,N,AFC,AFC,AFCW,AFC West,LR118,0,0,
1994,N,AFC,AFC,AFCW,AFC West,KC109,0,0,
1994,N,AFC,AFC,AFCW,AFC West,SC107,1,1,
1994,N,AFC,AFC,AFCW,AFC West,DB106,0,0,
1994,N,AFC,AFC,AFCW,AFC West,SS117,0,0,
1994,N,NFC,NFC,NFCE,NFC East,DC098,1,0,
1994,N,NFC,NFC,NFCE,NFC East,NG042,0,0,
1994,N,NFC,NFC,NFCE,NFC East,AC121,0,0,
1994,N,NFC,NFC,NFCE,NFC East,WR071,0,0,
1994,N,NFC,NFC,NFCE,NFC East,PE066,0,0,
1994,N,NFC,NFC,NFCN,NFC Central,MV108,1,0,
1994,N,NFC,NFC,NFCN,NFC Central,DL069,0,0,
1994,N,NFC,NFC,NFCN,NFC Central,GP020,0,0,
1994,N,NFC,NFC,NFCN,NFC Central,CB026,0,0,
1994,N,NFC,NFC,NFCN,NFC Central,TB116,0,0,
1994,N,NFC,NFC,NFCW,NFC West,S4086,1,1,
1994,N,NFC,NFC,NFCW,NFC West,LR079,0,0,
1994,N,NFC,NFC,NFCW,NFC West,AF112,0,0,
1994,N,NFC,NFC,NFCW,NFC West,NS113,0,0,
1995,N,AFC,AFC,AFCE,AFC East,IC119,0,0,
1995,N,AFC,AFC,AFCE,AFC East,MD111,0,0,
1995,N,AFC,AFC,AFCE,AFC East,NJ110,0,0,
1995,N,AFC,AFC,AFCE,AFC East,BB101,1,0,
1995,N,AFC,AFC,AFCE,AFC East,NP115,0,0,
1995,N,AFC,AFC,AFCN,AFC Central,CB114,0,0,
1995,N,AFC,AFC,AFCN,AFC Central,CB085,0,0,
1995,N,AFC,AFC,AFCN,AFC Central,PS073,1,1,
1995,N,AFC,AFC,AFCN,AFC Central,HO099,0,0,
1995,N,AFC,AFC,AFCN,AFC Central,JJ125,0,0,
1995,N,AFC,AFC,AFCW,AFC West,OR122,0,0,
1995,N,AFC,AFC,AFCW,AFC West,KC109,1,0,
1995,N,AFC,AFC,AFCW,AFC West,SC107,0,0,
1995,N,AFC,AFC,AFCW,AFC West,DB106,0,0,
1995,N,AFC,AFC,AFCW,AFC West,SS117,0,0,
1995,N,NFC,NFC,NFCE,NFC East,DC098,1,1,
1995,N,NFC,NFC,NFCE,NFC East,NG042,0,0,
1995,N,NFC,NFC,NFCE,NFC East,AC121,0,0,
1995,N,NFC,NFC,NFCE,NFC East,WR071,0,0,
1995,N,NFC,NFC,NFCE,NFC East,PE066,0,0,
1995,N,NFC,NFC,NFCN,NFC Central,MV108,0,0,
1995,N,NFC,NFC,NFCN,NFC Central,DL069,0,0,
1995,N,NFC,NFC,NFCN,NFC Central,GP020,1,0,
1995,N,NFC,NFC,NFCN,NFC Central,CB026,0,0,
1995,N,NFC,NFC,NFCN,NFC Central,TB116,0,0,
1995,N,NFC,NFC,NFCW,NFC West,S4086,1,0,
1995,N,NFC,NFC,NFCW,NFC West,SR123,0,0,
1995,N,NFC,NFC,NFCW,NFC West,AF112,0,0,
1995,N,NFC,NFC,NFCW,NFC West,NS113,0,0,
1995,N,NFC,NFC,NFCW,NFC West,CP125,0,0,
1996,N,AFC,AFC,AFCE,AFC East,IC119,0,0,
1996,N,AFC,AFC,AFCE,AFC East,MD111,0,0,
1996,N,AFC,AFC,AFCE,AFC East,NJ110,0,0,
1996,N,AFC,AFC,AFCE,AFC East,BB101,0,0,
1996,N,AFC,AFC,AFCE,AFC East,NP115,1,1,
1996,N,AFC,AFC,AFCN,AFC Central,CB114,0,0,
1996,N,AFC,AFC,AFCN,AFC Central,BR126,0,0,
1996,N,AFC,AFC,AFCN,AFC Central,PS073,1,0,
1996,N,AFC,AFC,AFCN,AFC Central,HO099,0,0,
1996,N,AFC,AFC,AFCN,AFC Central,JJ125,0,0,
1996,N,AFC,AFC,AFCW,AFC West,OR122,0,0,
1996,N,AFC,AFC,AFCW,AFC West,KC109,0,0,
1996,N,AFC,AFC,AFCW,AFC West,SC107,0,0,
1996,N,AFC,AFC,AFCW,AFC West,DB106,1,0,
1996,N,AFC,AFC,AFCW,AFC West,SS117,0,0,
1996,N,NFC,NFC,NFCE,NFC East,DC098,1,0,
1996,N,NFC,NFC,NFCE,NFC East,NG042,0,0,
1996,N,NFC,NFC,NFCE,NFC East,AC121,0,0,
1996,N,NFC,NFC,NFCE,NFC East,WR071,0,0,
1996,N,NFC,NFC,NFCE,NFC East,PE066,0,0,
1996,N,NFC,NFC,NFCN,NFC Central,MV108,0,0,
1996,N,NFC,NFC,NFCN,NFC Central,DL069,0,0,
1996,N,NFC,NFC,NFCN,NFC Central,GP020,1,1,
1996,N,NFC,NFC,NFCN,NFC Central,CB026,0,0,
1996,N,NFC,NFC,NFCN,NFC Central,TB116,0,0,
1996,N,NFC,NFC,NFCW,NFC West,S4086,0,0,
1996,N,NFC,NFC,NFCW,NFC West,SR123,0,0,
1996,N,NFC,NFC,NFCW,NFC West,AF112,0,0,
1996,N,NFC,NFC,NFCW,NFC West,NS113,0,0,
1996,N,NFC,NFC,NFCW,NFC West,CP125,1,0,
1997,N,AFC,AFC,AFCE,AFC East,IC119,0,0,
1997,N,AFC,AFC,AFCE,AFC East,MD111,0,0,
1997,N,AFC,AFC,AFCE,AFC East,NJ110,0,0,
1997,N,AFC,AFC,AFCE,AFC East,BB101,0,0,
1997,N,AFC,AFC,AFCE,AFC East,NP115,1,0,
1997,N,AFC,AFC,AFCN,AFC Central,CB114,0,0,
1997,N,AFC,AFC,AFCN,AFC Central,BR126,0,0,
1997,N,AFC,AFC,AFCN,AFC Central,PS073,1,0,
1997,N,AFC,AFC,AFCN,AFC Central,TO127,0,0,
1997,N,AFC,AFC,AFCN,AFC Central,JJ125,0,0,
1997,N,AFC,AFC,AFCW,AFC West,OR122,0,0,
1997,N,AFC,AFC,AFCW,AFC West,KC109,1,0,
1997,N,AFC,AFC,AFCW,AFC West,SC107,0,0,
1997,N,AFC,AFC,AFCW,AFC West,DB106,0,1,
1997,N,AFC,AFC,AFCW,AFC West,SS117,0,0,
1997,N,NFC,NFC,NFCE,NFC East,DC098,0,0,
1997,N,NFC,NFC,NFCE,NFC East,NG042,1,0,
1997,N,NFC,NFC,NFCE,NFC East,AC121,0,0,
1997,N,NFC,NFC,NFCE,NFC East,WR071,0,0,
1997,N,NFC,NFC,NFCE,NFC East,PE066,0,0,
1997,N,NFC,NFC,NFCN,NFC Central,MV108,0,0,
1997,N,NFC,NFC,NFCN,NFC Central,DL069,0,0,
1997,N,NFC,NFC,NFCN,NFC Central,GP020,1,1,
1997,N,NFC,NFC,NFCN,NFC Central,CB026,0,0,
1997,N,NFC,NFC,NFCN,NFC Central,TB116,0,0,
1997,N,NFC,NFC,NFCW,NFC West,S4086,1,0,
1997,N,NFC,NFC,NFCW,NFC West,SR123,0,0,
1997,N,NFC,NFC,NFCW,NFC West,AF112,0,0,
1997,N,NFC,NFC,NFCW,NFC West,NS113,0,0,
1997,N,NFC,NFC,NFCW,NFC West,CP125,0,0,
1998,N,AFC,AFC,AFCE,AFC East,IC119,0,0,
1998,N,AFC,AFC,AFCE,AFC East,MD111,0,0,
1998,N,AFC,AFC,AFCE,AFC East,NJ110,1,0,
1998,N,AFC,AFC,AFCE,AFC East,BB101,0,0,
1998,N,AFC,AFC,AFCE,AFC East,NP115,0,0,
1998,N,AFC,AFC,AFCN,AFC Central,CB114,0,0,
1998,N,AFC,AFC,AFCN,AFC Central,BR126,0,0,
1998,N,AFC,AFC,AFCN,AFC Central,PS073,0,0,
1998,N,AFC,AFC,AFCN,AFC Central,TO127,0,0,
1998,N,AFC,AFC,AFCN,AFC Central,JJ125,1,0,
1998,N,AFC,AFC,AFCW,AFC West,OR122,0,0,
1998,N,AFC,AFC,AFCW,AFC West,KC109,0,0,
1998,N,AFC,AFC,AFCW,AFC West,SC107,0,0,
1998,N,AFC,AFC,AFCW,AFC West,DB106,1,1,
1998,N,AFC,AFC,AFCW,AFC West,SS117,0,0,
1998,N,NFC,NFC,NFCE,NFC East,DC098,1,0,
1998,N,NFC,NFC,NFCE,NFC East,NG042,0,0,
1998,N,NFC,NFC,NFCE,NFC East,AC121,0,0,
1998,N,NFC,NFC,NFCE,NFC East,WR071,0,0,
1998,N,NFC,NFC,NFCE,NFC East,PE066,0,0,
1998,N,NFC,NFC,NFCN,NFC Central,MV108,1,0,
1998,N,NFC,NFC,NFCN,NFC Central,DL069,0,0,
1998,N,NFC,NFC,NFCN,NFC Central,GP020,0,0,
1998,N,NFC,NFC,NFCN,NFC Central,CB026,0,0,
1998,N,NFC,NFC,NFCN,NFC Central,TB116,0,0,
1998,N,NFC,NFC,NFCW,NFC West,S4086,0,0,
1998,N,NFC,NFC,NFCW,NFC West,SR123,0,0,
1998,N,NFC,NFC,NFCW,NFC West,AF112,1,1,
1998,N,NFC,NFC,NFCW,NFC West,NS113,0,0,
1998,N,NFC,NFC,NFCW,NFC West,CP125,0,0,
1999,N,AFC,AFC,AFCE,AFC East,IC119,1,0,
1999,N,AFC,AFC,AFCE,AFC East,MD111,0,0,
1999,N,AFC,AFC,AFCE,AFC East,NJ110,0,0,
1999,N,AFC,AFC,AFCE,AFC East,BB101,0,0,
1999,N,AFC,AFC,AFCE,AFC East,NP115,0,0,
1999,N,AFC,AFC,AFCN,AFC Central,CB114,0,0,
1999,N,AFC,AFC,AFCN,AFC Central,BR126,0,0,
1999,N,AFC,AFC,AFCN,AFC Central,PS073,0,0,
1999,N,AFC,AFC,AFCN,AFC Central,TT128,0,1,
1999,N,AFC,AFC,AFCN,AFC Central,JJ125,1,0,
1999,N,AFC,AFC,AFCN,AFC Central,CB085,0,0,
1999,N,AFC,AFC,AFCW,AFC West,OR122,0,0,
1999,N,AFC,AFC,AFCW,AFC West,KC109,0,0,
1999,N,AFC,AFC,AFCW,AFC West,SC107,0,0,
1999,N,AFC,AFC,AFCW,AFC West,DB106,0,0,
1999,N,AFC,AFC,AFCW,AFC West,SS117,1,0,
1999,N,NFC,NFC,NFCE,NFC East,DC098,0,0,
1999,N,NFC,NFC,NFCE,NFC East,NG042,0,0,
1999,N,NFC,NFC,NFCE,NFC East,AC121,0,0,
1999,N,NFC,NFC,NFCE,NFC East,WR071,1,0,
1999,N,NFC,NFC,NFCE,NFC East,PE066,0,0,
1999,N,NFC,NFC,NFCN,NFC Central,MV108,0,0,
1999,N,NFC,NFC,NFCN,NFC Central,DL069,0,0,
1999,N,NFC,NFC,NFCN,NFC Central,GP020,0,0,
1999,N,NFC,NFC,NFCN,NFC Central,CB026,0,0,
1999,N,NFC,NFC,NFCN,NFC Central,TB116,1,0,
1999,N,NFC,NFC,NFCW,NFC West,S4086,0,0,
1999,N,NFC,NFC,NFCW,NFC West,SR123,1,1,
1999,N,NFC,NFC,NFCW,NFC West,AF112,0,0,
1999,N,NFC,NFC,NFCW,NFC West,NS113,0,0,
1999,N,NFC,NFC,NFCW,NFC West,CP125,0,0,
2000,N,AFC,AFC,AFCE,AFC East,IC119,0,0,
2000,N,AFC,AFC,AFCE,AFC East,MD111,1,0,
2000,N,AFC,AFC,AFCE,AFC East,NJ110,0,0,
2000,N,AFC,AFC,AFCE,AFC East,BB101,0,0,
2000,N,AFC,AFC,AFCE,AFC East,NP115,0,0,
2000,N,AFC,AFC,AFCN,AFC Central,CB114,0,0,
2000,N,AFC,AFC,AFCN,AFC Central,BR126,0,1,
2000,N,AFC,AFC,AFCN,AFC Central,PS073,0,0,
2000,N,AFC,AFC,AFCN,AFC Central,TT128,1,0,
2000,N,AFC,AFC,AFCN,AFC Central,JJ125,0,0,
2000,N,AFC,AFC,AFCN,AFC Central,CB085,0,0,
2000,N,AFC,AFC,AFCW,AFC West,OR122,1,0,
2000,N,AFC,AFC,AFCW,AFC West,KC109,0,0,
2000,N,AFC,AFC,AFCW,AFC West,SC107,0,0,
2000,N,AFC,AFC,AFCW,AFC West,DB106,0,0,
2000,N,AFC,AFC,AFCW,AFC West,SS117,0,0,
2000,N,NFC,NFC,NFCE,NFC East,DC098,0,0,
2000,N,NFC,NFC,NFCE,NFC East,NG042,1,1,
2000,N,NFC,NFC,NFCE,NFC East,AC121,0,0,
2000,N,NFC,NFC,NFCE,NFC East,WR071,0,0,
2000,N,NFC,NFC,NFCE,NFC East,PE066,0,0,
2000,N,NFC,NFC,NFCN,NFC Central,MV108,1,0,
2000,N,NFC,NFC,NFCN,NFC Central,DL069,0,0,
2000,N,NFC,NFC,NFCN,NFC Central,GP020,0,0,
2000,N,NFC,NFC,NFCN,NFC Central,CB026,0,0,
2000,N,NFC,NFC,NFCN,NFC Central,TB116,0,0,
2000,N,NFC,NFC,NFCW,NFC West,S4086,0,0,
2000,N,NFC,NFC,NFCW,NFC West,SR123,0,0,
2000,N,NFC,NFC,NFCW,NFC West,AF112,0,0,
2000,N,NFC,NFC,NFCW,NFC West,NS113,1,0,
2000,N,NFC,NFC,NFCW,NFC West,CP125,0,0,
2001,N,AFC,AFC,AFCE,AFC East,IC119,0,0,
2001,N,AFC,AFC,AFCE,AFC East,MD111,0,0,
2001,N,AFC,AFC,AFCE,AFC East,NJ110,0,0,
2001,N,AFC,AFC,AFCE,AFC East,BB101,0,0,
2001,N,AFC,AFC,AFCE,AFC East,NP115,1,1,
2001,N,AFC,AFC,AFCN,AFC Central,CB114,0,0,
2001,N,AFC,AFC,AFCN,AFC Central,BR126,0,0,
2001,N,AFC,AFC,AFCN,AFC Central,PS073,1,0,
2001,N,AFC,AFC,AFCN,AFC Central,TT128,0,0,
2001,N,AFC,AFC,AFCN,AFC Central,JJ125,0,0,
2001,N,AFC,AFC,AFCN,AFC Central,CB085,0,0,
2001,N,AFC,AFC,AFCW,AFC West,OR122,1,0,
2001,N,AFC,AFC,AFCW,AFC West,KC109,0,0,
2001,N,AFC,AFC,AFCW,AFC West,SC107,0,0,
2001,N,AFC,AFC,AFCW,AFC West,DB106,0,0,
2001,N,AFC,AFC,AFCW,AFC West,SS117,0,0,
2001,N,NFC,NFC,NFCE,NFC East,DC098,0,0,
2001,N,NFC,NFC,NFCE,NFC East,NG042,0,0,
2001,N,NFC,NFC,NFCE,NFC East,AC121,0,0,
2001,N,NFC,NFC,NFCE,NFC East,WR071,0,0,
2001,N,NFC,NFC,NFCE,NFC East,PE066,1,0,
2001,N,NFC,NFC,NFCN,NFC Central,MV108,0,0,
2001,N,NFC,NFC,NFCN,NFC Central,DL069,0,0,
2001,N,NFC,NFC,NFCN,NFC Central,GP020,0,0,
2001,N,NFC,NFC,NFCN,NFC Central,CB026,1,0,
2001,N,NFC,NFC,NFCN,NFC Central,TB116,0,0,
2001,N,NFC,NFC,NFCW,NFC West,S4086,0,0,
2001,N,NFC,NFC,NFCW,NFC West,SR123,1,1,
2001,N,NFC,NFC,NFCW,NFC West,AF112,0,0,
2001,N,NFC,NFC,NFCW,NFC West,NS113,0,0,
2001,N,NFC,NFC,NFCW,NFC West,CP125,0,0,
2002,N,AFC,AFC,AFCE,AFC East,NJ110,1,0,
2002,N,AFC,AFC,AFCE,AFC East,NP115,0,0,
2002,N,AFC,AFC,AFCE,AFC East,MD111,0,0,
2002,N,AFC,AFC,AFCE,AFC East,BB101,0,0,
2002,N,AFC,AFC,AFCN,AFC North,PS073,1,0,
2002,N,AFC,AFC,AFCN,AFC North,CB085,0,0,
2002,N,AFC,AFC,AFCN,AFC North,BR126,0,0,
2002,N,AFC,AFC,AFCN,AFC North,CB114,0,0,
2002,N,AFC,AFC,AFCS,AFC South,TT128,1,0,
2002,N,AFC,AFC,AFCS,AFC South,IC119,0,0,
2002,N,AFC,AFC,AFCS,AFC South,JJ125,0,0,
2002,N,AFC,AFC,AFCS,AFC South,HT129,0,0,
2002,N,AFC,AFC,AFCW,AFC West,OR122,1,1,
2002,N,AFC,AFC,AFCW,AFC West,DB106,0,0,
2002,N,AFC,AFC,AFCW,AFC West,SC107,0,0,
2002,N,AFC,AFC,AFCW,AFC West,KC109,0,0,
2002,N,NFC,NFC,NFCE,NFC East,PE066,1,0,
2002,N,NFC,NFC,NFCE,NFC East,NG042,0,0,
2002,N,NFC,NFC,NFCE,NFC East,WR071,0,0,
2002,N,NFC,NFC,NFCE,NFC East,DC098,0,0,
2002,N,NFC,NFC,NFCN,NFC North,GP020,1,0,
2002,N,NFC,NFC,NFCN,NFC North,MV108,0,0,
2002,N,NFC,NFC,NFCN,NFC North,CB026,0,0,
2002,N,NFC,NFC,NFCN,NFC North,DL069,0,0,
2002,N,NFC,NFC,NFCS,NFC South,TB116,1,1,
2002,N,NFC,NFC,NFCS,NFC South,AF112,0,0,
2002,N,NFC,NFC,NFCS,NFC South,NS113,0,0,
2002,N,NFC,NFC,NFCS,NFC South,CP125,0,0,
2002,N,NFC,NFC,NFCW,NFC West,S4086,1,0,
2002,N,NFC,NFC,NFCW,NFC West,SR123,0,0,
2002,N,NFC,NFC,NFCW,NFC West,SS117,0,0,
2002,N,NFC,NFC,NFCW,NFC West,AC121,0,0,
2003,N,AFC,AFC,AFCE,AFC East,NJ110,0,0,
2003,N,AFC,AFC,AFCE,AFC East,NP115,1,1,
2003,N,AFC,AFC,AFCE,AFC East,MD111,0,0,
2003,N,AFC,AFC,AFCE,AFC East,BB101,0,0,
2003,N,AFC,AFC,AFCN,AFC North,PS073,0,0,
2003,N,AFC,AFC,AFCN,AFC North,CB085,0,0,
2003,N,AFC,AFC,AFCN,AFC North,BR126,1,0,
2003,N,AFC,AFC,AFCN,AFC North,CB114,0,0,
2003,N,AFC,AFC,AFCS,AFC South,TT128,0,0,
2003,N,AFC,AFC,AFCS,AFC South,IC119,1,0,
2003,N,AFC,AFC,AFCS,AFC South,JJ125,0,0,
2003,N,AFC,AFC,AFCS,AFC South,HT129,0,0,
2003,N,AFC,AFC,AFCW,AFC West,OR122,0,0,
2003,N,AFC,AFC,AFCW,AFC West,DB106,0,0,
2003,N,AFC,AFC,AFCW,AFC West,SC107,0,0,
2003,N,AFC,AFC,AFCW,AFC West,KC109,1,0,
2003,N,NFC,NFC,NFCE,NFC East,PE066,1,0,
2003,N,NFC,NFC,NFCE,NFC East,NG042,0,0,
2003,N,NFC,NFC,NFCE,NFC East,WR071,0,0,
2003,N,NFC,NFC,NFCE,NFC East,DC098,0,0,
2003,N,NFC,NFC,NFCN,NFC North,GP020,1,0,
2003,N,NFC,NFC,NFCN,NFC North,MV108,0,0,
2003,N,NFC,NFC,NFCN,NFC North,CB026,0,0,
2003,N,NFC,NFC,NFCN,NFC North,DL069,0,0,
2003,N,NFC,NFC,NFCS,NFC South,TB116,0,0,
2003,N,NFC,NFC,NFCS,NFC South,AF112,0,0,
2003,N,NFC,NFC,NFCS,NFC South,NS113,0,0,
2003,N,NFC,NFC,NFCS,NFC South,CP125,1,1,
2003,N,NFC,NFC,NFCW,NFC West,S4086,0,0,
2003,N,NFC,NFC,NFCW,NFC West,SR123,1,0,
2003,N,NFC,NFC,NFCW,NFC West,SS117,0,0,
2003,N,NFC,NFC,NFCW,NFC West,AC121,0,0,
2004,N,AFC,AFC,AFCE,AFC East,NJ110,0,0,
2004,N,AFC,AFC,AFCE,AFC East,NP115,1,1,
2004,N,AFC,AFC,AFCE,AFC East,MD111,0,0,
2004,N,AFC,AFC,AFCE,AFC East,BB101,0,0,
2004,N,AFC,AFC,AFCN,AFC North,PS073,1,0,
2004,N,AFC,AFC,AFCN,AFC North,CB085,0,0,
2004,N,AFC,AFC,AFCN,AFC North,BR126,0,0,
2004,N,AFC,AFC,AFCN,AFC North,CB114,0,0,
2004,N,AFC,AFC,AFCS,AFC South,TT128,0,0,
2004,N,AFC,AFC,AFCS,AFC South,IC119,1,0,
2004,N,AFC,AFC,AFCS,AFC South,JJ125,0,0,
2004,N,AFC,AFC,AFCS,AFC South,HT129,0,0,
2004,N,AFC,AFC,AFCW,AFC West,OR122,0,0,
2004,N,AFC,AFC,AFCW,AFC West,DB106,0,0,
2004,N,AFC,AFC,AFCW,AFC West,SC107,1,0,
2004,N,AFC,AFC,AFCW,AFC West,KC109,0,0,
2004,N,NFC,NFC,NFCE,NFC East,PE066,1,1,
2004,N,NFC,NFC,NFCE,NFC East,NG042,0,0,
2004,N,NFC,NFC,NFCE,NFC East,WR071,0,0,
2004,N,NFC,NFC,NFCE,NFC East,DC098,0,0,
2004,N,NFC,NFC,NFCN,NFC North,GP020,1,0,
2004,N,NFC,NFC,NFCN,NFC North,MV108,0,0,
2004,N,NFC,NFC,NFCN,NFC North,CB026,0,0,
2004,N,NFC,NFC,NFCN,NFC North,DL069,0,0,
2004,N,NFC,NFC,NFCS,NFC South,TB116,0,0,
2004,N,NFC,NFC,NFCS,NFC South,AF112,1,0,
2004,N,NFC,NFC,NFCS,NFC South,NS113,0,0,
2004,N,NFC,NFC,NFCS,NFC South,CP125,0,0,
2004,N,NFC,NFC,NFCW,NFC West,S4086,0,0,
2004,N,NFC,NFC,NFCW,NFC West,SR123,0,0,
2004,N,NFC,NFC,NFCW,NFC West,SS117,1,0,
2004,N,NFC,NFC,NFCW,NFC West,AC121,0,0,
2005,N,AFC,AFC,AFCE,AFC East,NJ110,0,0,
2005,N,AFC,AFC,AFCE,AFC East,NP115,1,0,
2005,N,AFC,AFC,AFCE,AFC East,MD111,0,0,
2005,N,AFC,AFC,AFCE,AFC East,BB101,0,0,
2005,N,AFC,AFC,AFCN,AFC North,PS073,0,1,
2005,N,AFC,AFC,AFCN,AFC North,CB085,0,0,
2005,N,AFC,AFC,AFCN,AFC North,BR126,0,0,
2005,N,AFC,AFC,AFCN,AFC North,CB114,1,0,
2005,N,AFC,AFC,AFCS,AFC South,TT128,0,0,
2005,N,AFC,AFC,AFCS,AFC South,IC119,1,0,
2005,N,AFC,AFC,AFCS,AFC South,JJ125,0,0,
2005,N,AFC,AFC,AFCS,AFC South,HT129,0,0,
2005,N,AFC,AFC,AFCW,AFC West,OR122,0,0,
2005,N,AFC,AFC,AFCW,AFC West,DB106,1,0,
2005,N,AFC,AFC,AFCW,AFC West,SC107,0,0,
2005,N,AFC,AFC,AFCW,AFC West,KC109,0,0,
2005,N,NFC,NFC,NFCE,NFC East,PE066,0,0,
2005,N,NFC,NFC,NFCE,NFC East,NG042,1,0,
2005,N,NFC,NFC,NFCE,NFC East,WR071,0,0,
2005,N,NFC,NFC,NFCE,NFC East,DC098,0,0,
2005,N,NFC,NFC,NFCN,NFC North,GP020,0,0,
2005,N,NFC,NFC,NFCN,NFC North,MV108,0,0,
2005,N,NFC,NFC,NFCN,NFC North,CB026,1,0,
2005,N,NFC,NFC,NFCN,NFC North,DL069,0,0,
2005,N,NFC,NFC,NFCS,NFC South,TB116,1,0,
2005,N,NFC,NFC,NFCS,NFC South,AF112,0,0,
2005,N,NFC,NFC,NFCS,NFC South,NS113,0,0,
2005,N,NFC,NFC,NFCS,NFC South,CP125,0,0,
2005,N,NFC,NFC,NFCW,NFC West,S4086,0,0,
2005,N,NFC,NFC,NFCW,NFC West,SR123,0,0,
2005,N,NFC,NFC,NFCW,NFC West,SS117,1,1,
2005,N,NFC,NFC,NFCW,NFC West,AC121,0,0,
2006,N,AFC,AFC,AFCE,AFC East,NJ110,0,0,
2006,N,AFC,AFC,AFCE,AFC East,NP115,1,0,
2006,N,AFC,AFC,AFCE,AFC East,MD111,0,0,
2006,N,AFC,AFC,AFCE,AFC East,BB101,0,0,
2006,N,AFC,AFC,AFCN,AFC North,PS073,0,0,
2006,N,AFC,AFC,AFCN,AFC North,CB085,0,0,
2006,N,AFC,AFC,AFCN,AFC North,BR126,1,0,
2006,N,AFC,AFC,AFCN,AFC North,CB114,0,0,
2006,N,AFC,AFC,AFCS,AFC South,TT128,0,0,
2006,N,AFC,AFC,AFCS,AFC South,IC119,1,1,
2006,N,AFC,AFC,AFCS,AFC South,JJ125,0,0,
2006,N,AFC,AFC,AFCS,AFC South,HT129,0,0,
2006,N,AFC,AFC,AFCW,AFC West,OR122,0,0,
2006,N,AFC,AFC,AFCW,AFC West,DB106,0,0,
2006,N,AFC,AFC,AFCW,AFC West,SC107,1,0,
2006,N,AFC,AFC,AFCW,AFC West,KC109,0,0,
2006,N,NFC,NFC,NFCE,NFC East,PE066,1,0,
2006,N,NFC,NFC,NFCE,NFC East,NG042,0,0,
2006,N,NFC,NFC,NFCE,NFC East,WR071,0,0,
2006,N,NFC,NFC,NFCE,NFC East,DC098,0,0,
2006,N,NFC,NFC,NFCN,NFC North,GP020,0,0,
2006,N,NFC,NFC,NFCN,NFC North,MV108,0,0,
2006,N,NFC,NFC,NFCN,NFC North,CB026,1,1,
2006,N,NFC,NFC,NFCN,NFC North,DL069,0,0,
2006,N,NFC,NFC,NFCS,NFC South,TB116,0,0,
2006,N,NFC,NFC,NFCS,NFC South,AF112,0,0,
2006,N,NFC,NFC,NFCS,NFC South,NS113,1,0,
2006,N,NFC,NFC,NFCS,NFC South,CP125,0,0,
2006,N,NFC,NFC,NFCW,NFC West,S4086,0,0,
2006,N,NFC,NFC,NFCW,NFC West,SR123,0,0,
2006,N,NFC,NFC,NFCW,NFC West,SS117,1,0,
2006,N,NFC,NFC,NFCW,NFC West,AC121,0,0,
2007,N,AFC,AFC,AFCE,AFC East,NJ110,0,0,
2007,N,AFC,AFC,AFCE,AFC East,NP115,1,1,
2007,N,AFC,AFC,AFCE,AFC East,MD111,0,0,
2007,N,AFC,AFC,AFCE,AFC East,BB101,0,0,
2007,N,AFC,AFC,AFCN,AFC North,PS073,1,0,
2007,N,AFC,AFC,AFCN,AFC North,CB085,0,0,
2007,N,AFC,AFC,AFCN,AFC North,BR126,0,0,
2007,N,AFC,AFC,AFCN,AFC North,CB114,0,0,
2007,N,AFC,AFC,AFCS,AFC South,TT128,0,0,
2007,N,AFC,AFC,AFCS,AFC South,IC119,1,0,
2007,N,AFC,AFC,AFCS,AFC South,JJ125,0,0,
2007,N,AFC,AFC,AFCS,AFC South,HT129,0,0,
2007,N,AFC,AFC,AFCW,AFC West,OR122,0,0,
2007,N,AFC,AFC,AFCW,AFC West,DB106,0,0,
2007,N,AFC,AFC,AFCW,AFC West,SC107,1,0,
2007,N,AFC,AFC,AFCW,AFC West,KC109,0,0,
2007,N,NFC,NFC,NFCE,NFC East,PE066,0,0,
2007,N,NFC,NFC,NFCE,NFC East,NG042,0,1,
2007,N,NFC,NFC,NFCE,NFC East,WR071,0,0,
2007,N,NFC,NFC,NFCE,NFC East,DC098,1,0,
2007,N,NFC,NFC,NFCN,NFC North,GP020,1,0,
2007,N,NFC,NFC,NFCN,NFC North,MV108,0,0,
2007,N,NFC,NFC,NFCN,NFC North,CB026,0,0,
2007,N,NFC,NFC,NFCN,NFC North,DL069,0,0,
2007,N,NFC,NFC,NFCS,NFC South,TB116,1,0,
2007,N,NFC,NFC,NFCS,NFC South,AF112,0,0,
2007,N,NFC,NFC,NFCS,NFC South,NS113,0,0,
2007,N,NFC,NFC,NFCS,NFC South,CP125,0,0,
2007,N,NFC,NFC,NFCW,NFC West,S4086,0,0,
2007,N,NFC,NFC,NFCW,NFC West,SR123,0,0,
2007,N,NFC,NFC,NFCW,NFC West,SS117,1,0,
2007,N,NFC,NFC,NFCW,NFC West,AC121,0,0,
2008,N,AFC,AFC,AFCE,AFC East,NJ110,0,0,
2008,N,AFC,AFC,AFCE,AFC East,NP115,0,0,
2008,N,AFC,AFC,AFCE,AFC East,MD111,1,0,
2008,N,AFC,AFC,AFCE,AFC East,BB101,0,0,
2008,N,AFC,AFC,AFCN,AFC North,PS073,1,1,
2008,N,AFC,AFC,AFCN,AFC North,CB085,0,0,
2008,N,AFC,AFC,AFCN,AFC North,BR126,0,0,
2008,N,AFC,AFC,AFCN,AFC North,CB114,0,0,
2008,N,AFC,AFC,AFCS,AFC South,TT128,1,0,
2008,N,AFC,AFC,AFCS,AFC South,IC119,0,0,
2008,N,AFC,AFC,AFCS,AFC South,JJ125,0,0,
2008,N,AFC,AFC,AFCS,AFC South,HT129,0,0,
2008,N,AFC,AFC,AFCW,AFC West,OR122,0,0,
2008,N,AFC,AFC,AFCW,AFC West,DB106,0,0,
2008,N,AFC,AFC,AFCW,AFC West,SC107,1,0,
2008,N,AFC,AFC,AFCW,AFC West,KC109,0,0,
2008,N,NFC,NFC,NFCE,NFC East,PE066,0,0,
2008,N,NFC,NFC,NFCE,NFC East,NG042,1,0,
2008,N,NFC,NFC,NFCE,NFC East,WR071,0,0,
2008,N,NFC,NFC,NFCE,NFC East,DC098,0,0,
2008,N,NFC,NFC,NFCN,NFC North,GP020,0,0,
2008,N,NFC,NFC,NFCN,NFC North,MV108,1,0,
2008,N,NFC,NFC,NFCN,NFC North,CB026,0,0,
2008,N,NFC,NFC,NFCN,NFC North,DL069,0,0,
2008,N,NFC,NFC,NFCS,NFC South,TB116,0,0,
2008,N,NFC,NFC,NFCS,NFC South,AF112,0,0,
2008,N,NFC,NFC,NFCS,NFC South,NS113,0,0,
2008,N,NFC,NFC,NFCS,NFC South,CP125,1,0,
2008,N,NFC,NFC,NFCW,NFC West,S4086,0,0,
2008,N,NFC,NFC,NFCW,NFC West,SR123,0,0,
2008,N,NFC,NFC,NFCW,NFC West,SS117,0,0,
2008,N,NFC,NFC,NFCW,NFC West,AC121,1,1,
2009,N,AFC,AFC,AFCE,AFC East,NJ110,0,0,
2009,N,AFC,AFC,AFCE,AFC East,NP115,1,0,
2009,N,AFC,AFC,AFCE,AFC East,MD111,0,0,
2009,N,AFC,AFC,AFCE,AFC East,BB101,0,0,
2009,N,AFC,AFC,AFCN,AFC North,PS073,0,0,
2009,N,AFC,AFC,AFCN,AFC North,CB085,0,0,
2009,N,AFC,AFC,AFCN,AFC North,BR126,0,0,
2009,N,AFC,AFC,AFCN,AFC North,CB114,1,0,
2009,N,AFC,AFC,AFCS,AFC South,TT128,0,0,
2009,N,AFC,AFC,AFCS,AFC South,IC119,1,1,
2009,N,AFC,AFC,AFCS,AFC South,JJ125,0,0,
2009,N,AFC,AFC,AFCS,AFC South,HT129,0,0,
2009,N,AFC,AFC,AFCW,AFC West,OR122,0,0,
2009,N,AFC,AFC,AFCW,AFC West,DB106,0,0,
2009,N,AFC,AFC,AFCW,AFC West,SC107,1,0,
2009,N,AFC,AFC,AFCW,AFC West,KC109,0,0,
2009,N,NFC,NFC,NFCE,NFC East,PE066,0,0,
2009,N,NFC,NFC,NFCE,NFC East,NG042,0,0,
2009,N,NFC,NFC,NFCE,NFC East,WR071,0,0,
2009,N,NFC,NFC,NFCE,NFC East,DC098,1,0,
2009,N,NFC,NFC,NFCN,NFC North,GP020,0,0,
2009,N,NFC,NFC,NFCN,NFC North,MV108,1,0,
2009,N,NFC,NFC,NFCN,NFC North,CB026,0,0,
2009,N,NFC,NFC,NFCN,NFC North,DL069,0,0,
2009,N,NFC,NFC,NFCS,NFC South,TB116,0,0,
2009,N,NFC,NFC,NFCS,NFC South,AF112,0,0,
2009,N,NFC,NFC,NFCS,NFC South,NS113,1,1,
2009,N,NFC,NFC,NFCS,NFC South,CP125,0,0,
2009,N,NFC,NFC,NFCW,NFC West,S4086,0,0,
2009,N,NFC,NFC,NFCW,NFC West,SR123,0,0,
2009,N,NFC,NFC,NFCW,NFC West,SS117,0,0,
2009,N,NFC,NFC,NFCW,NFC West,AC121,1,0,
2010,N,AFC,AFC,AFCE,AFC East,NJ110,0,0,
2010,N,AFC,AFC,AFCE,AFC East,NP115,1,0,
2010,N,AFC,AFC,AFCE,AFC East,MD111,0,0,
2010,N,AFC,AFC,AFCE,AFC East,BB101,0,0,
2010,N,AFC,AFC,AFCN,AFC North,PS073,1,1,
2010,N,AFC,AFC,AFCN,AFC North,CB085,0,0,
2010,N,AFC,AFC,AFCN,AFC North,BR126,0,0,
2010,N,AFC,AFC,AFCN,AFC North,CB114,0,0,
2010,N,AFC,AFC,AFCS,AFC South,TT128,0,0,
2010,N,AFC,AFC,AFCS,AFC South,IC119,1,0,
2010,N,AFC,AFC,AFCS,AFC South,JJ125,0,0,
2010,N,AFC,AFC,AFCS,AFC South,HT129,0,0,
2010,N,AFC,AFC,AFCW,AFC West,OR122,0,0,
2010,N,AFC,AFC,AFCW,AFC West,DB106,0,0,
2010,N,AFC,AFC,AFCW,AFC West,SC107,0,0,
2010,N,AFC,AFC,AFCW,AFC West,KC109,1,0,
2010,N,NFC,NFC,NFCE,NFC East,PE066,1,0,
2010,N,NFC,NFC,NFCE,NFC East,NG042,0,0,
2010,N,NFC,NFC,NFCE,NFC East,WR071,0,0,
2010,N,NFC,NFC,NFCE,NFC East,DC098,0,0,
2010,N,NFC,NFC,NFCN,NFC North,GP020,0,1,
2010,N,NFC,NFC,NFCN,NFC North,MV108,0,0,
2010,N,NFC,NFC,NFCN,NFC North,CB026,1,0,
2010,N,NFC,NFC,NFCN,NFC North,DL069,0,0,
2010,N,NFC,NFC,NFCS,NFC South,TB116,0,0,
2010,N,NFC,NFC,NFCS,NFC South,AF112,1,0,
2010,N,NFC,NFC,NFCS,NFC South,NS113,0,0,
2010,N,NFC,NFC,NFCS,NFC South,CP125,0,0,
2010,N,NFC,NFC,NFCW,NFC West,S4086,0,0,
2010,N,NFC,NFC,NFCW,NFC West,SR123,0,0,
2010,N,NFC,NFC,NFCW,NFC West,SS117,1,0,
2010,N,NFC,NFC,NFCW,NFC West,AC121,0,0,
2011,N,AFC,AFC,AFCE,AFC East,NJ110,0,0,
2011,N,AFC,AFC,AFCE,AFC East,NP115,1,1,
2011,N,AFC,AFC,AFCE,AFC East,MD111,0,0,
2011,N,AFC,AFC,AFCE,AFC East,BB101,0,0,
2011,N,AFC,AFC,AFCN,AFC North,PS073,0,0,
2011,N,AFC,AFC,AFCN,AFC North,CB085,0,0,
2011,N,AFC,AFC,AFCN,AFC North,BR126,1,0,
2011,N,AFC,AFC,AFCN,AFC North,CB114,0,0,
2011,N,AFC,AFC,AFCS,AFC South,TT128,0,0,
2011,N,AFC,AFC,AFCS,AFC South,IC119,0,0,
2011,N,AFC,AFC,AFCS,AFC South,JJ125,0,0,
2011,N,AFC,AFC,AFCS,AFC South,HT129,1,0,
2011,N,AFC,AFC,AFCW,AFC West,OR122,0,0,
2011,N,AFC,AFC,AFCW,AFC West,DB106,1,0,
2011,N,AFC,AFC,AFCW,AFC West,SC107,0,0,
2011,N,AFC,AFC,AFCW,AFC West,KC109,0,0,
2011,N,NFC,NFC,NFCE,NFC East,PE066,0,0,
2011,N,NFC,NFC,NFCE,NFC East,NG042,1,1,
2011,N,NFC,NFC,NFCE,NFC East,WR071,0,0,
2011,N,NFC,NFC,NFCE,NFC East,DC098,0,0,
2011,N,NFC,NFC,NFCN,NFC North,GP020,1,0,
2011,N,NFC,NFC,NFCN,NFC North,MV108,0,0,
2011,N,NFC,NFC,NFCN,NFC North,CB026,0,0,
2011,N,NFC,NFC,NFCN,NFC North,DL069,0,0,
2011,N,NFC,NFC,NFCS,NFC South,TB116,0,0,
2011,N,NFC,NFC,NFCS,NFC South,AF112,0,0,
2011,N,NFC,NFC,NFCS,NFC South,NS113,1,0,
2011,N,NFC,NFC,NFCS,NFC South,CP125,0,0,
2011,N,NFC,NFC,NFCW,NFC West,S4086,1,0,
2011,N,NFC,NFC,NFCW,NFC West,SR123,0,0,
2011,N,NFC,NFC,NFCW,NFC West,SS117,0,0,
2011,N,NFC,NFC,NFCW,NFC West,AC121,0,0,
2012,N,AFC,AFC,AFCE,AFC East,NJ110,0,0,
2012,N,AFC,AFC,AFCE,AFC East,NP115,1,0,
2012,N,AFC,AFC,AFCE,AFC East,MD111,0,0,
2012,N,AFC,AFC,AFCE,AFC East,BB101,0,0,
2012,N,AFC,AFC,AFCN,AFC North,PS073,0,0,
2012,N,AFC,AFC,AFCN,AFC North,CB085,0,0,
2012,N,AFC,AFC,AFCN,AFC North,BR126,1,1,
2012,N,AFC,AFC,AFCN,AFC North,CB114,0,0,
2012,N,AFC,AFC,AFCS,AFC South,TT128,0,0,
2012,N,AFC,AFC,AFCS,AFC South,IC119,0,0,
2012,N,AFC,AFC,AFCS,AFC South,JJ125,0,0,
2012,N,AFC,AFC,AFCS,AFC South,HT129,1,0,
2012,N,AFC,AFC,AFCW,AFC West,OR122,0,0,
2012,N,AFC,AFC,AFCW,AFC West,DB106,1,0,
2012,N,AFC,AFC,AFCW,AFC West,SC107,0,0,
2012,N,AFC,AFC,AFCW,AFC West,KC109,0,0,
2012,N,NFC,NFC,NFCE,NFC East,PE066,0,0,
2012,N,NFC,NFC,NFCE,NFC East,NG042,0,0,
2012,N,NFC,NFC,NFCE,NFC East,WR071,1,0,
2012,N,NFC,NFC,NFCE,NFC East,DC098,0,0,
2012,N,NFC,NFC,NFCN,NFC North,GP020,1,0,
2012,N,NFC,NFC,NFCN,NFC North,MV108,0,0,
2012,N,NFC,NFC,NFCN,NFC North,CB026,0,0,
2012,N,NFC,NFC,NFCN,NFC North,DL069,0,0,
2012,N,NFC,NFC,NFCS,NFC South,TB116,0,0,
2012,N,NFC,NFC,NFCS,NFC South,AF112,1,0,
2012,N,NFC,NFC,NFCS,NFC South,NS113,0,0,
2012,N,NFC,NFC,NFCS,NFC South,CP125,0,0,
2012,N,NFC,NFC,NFCW,NFC West,S4086,1,1,
2012,N,NFC,NFC,NFCW,NFC West,SR123,0,0,
2012,N,NFC,NFC,NFCW,NFC West,SS117,0,0,
2012,N,NFC,NFC,NFCW,NFC West,AC121,0,0,
2013,N,AFC,AFC,AFCE,AFC East,NJ110,0,0,
2013,N,AFC,AFC,AFCE,AFC East,NP115,1,0,
2013,N,AFC,AFC,AFCE,AFC East,MD111,0,0,
2013,N,AFC,AFC,AFCE,AFC East,BB101,0,0,
2013,N,AFC,AFC,AFCN,AFC North,PS073,0,0,
2013,N,AFC,AFC,AFCN,AFC North,CB085,0,0,
2013,N,AFC,AFC,AFCN,AFC North,BR126,0,0,
2013,N,AFC,AFC,AFCN,AFC North,CB114,1,0,
2013,N,AFC,AFC,AFCS,AFC South,TT128,0,0,
2013,N,AFC,AFC,AFCS,AFC South,IC119,1,0,
2013,N,AFC,AFC,AFCS,AFC South,JJ125,0,0,
2013,N,AFC,AFC,AFCS,AFC South,HT129,0,0,
2013,N,AFC,AFC,AFCW,AFC West,OR122,0,0,
2013,N,AFC,AFC,AFCW,AFC West,DB106,1,1,
2013,N,AFC,AFC,AFCW,AFC West,SC107,0,0,
2013,N,AFC,AFC,AFCW,AFC West,KC109,0,0,
2013,N,NFC,NFC,NFCE,NFC East,PE066,1,0,
2013,N,NFC,NFC,NFCE,NFC East,NG042,0,0,
2013,N,NFC,NFC,NFCE,NFC East,WR071,0,0,
2013,N,NFC,NFC,NFCE,NFC East,DC098,0,0,
2013,N,NFC,NFC,NFCN,NFC North,GP020,1,0,
2013,N,NFC,NFC,NFCN,NFC North,MV108,0,0,
2013,N,NFC,NFC,NFCN,NFC North,CB026,0,0,
2013,N,NFC,NFC,NFCN,NFC North,DL069,0,0,
2013,N,NFC,NFC,NFCS,NFC South,TB116,0,0,
2013,N,NFC,NFC,NFCS,NFC South,AF112,0,0,
2013,N,NFC,NFC,NFCS,NFC South,NS113,0,0,
2013,N,NFC,NFC,NFCS,NFC South,CP125,1,0,
2013,N,NFC,NFC,NFCW,NFC West,S4086,0,0,
2013,N,NFC,NFC,NFCW,NFC West,SR123,0,0,
2013,N,NFC,NFC,NFCW,NFC West,SS117,1,1,
2013,N,NFC,NFC,NFCW,NFC West,AC121,0,0,
2014,N,AFC,AFC,AFCE,AFC East,NJ110,0,0,
2014,N,AFC,AFC,AFCE,AFC East,NP115,1,1,
2014,N,AFC,AFC,AFCE,AFC East,MD111,0,0,
2014,N,AFC,AFC,AFCE,AFC East,BB101,0,0,
2014,N,AFC,AFC,AFCN,AFC North,PS073,1,0,
2014,N,AFC,AFC,AFCN,AFC North,CB085,0,0,
2014,N,AFC,AFC,AFCN,AFC North,BR126,0,0,
2014,N,AFC,AFC,AFCN,AFC North,CB114,0,0,
2014,N,AFC,AFC,AFCS,AFC South,TT128,0,0,
2014,N,AFC,AFC,AFCS,AFC South,IC119,1,0,
2014,N,AFC,AFC,AFCS,AFC South,JJ125,0,0,
2014,N,AFC,AFC,AFCS,AFC South,HT129,0,0,
2014,N,AFC,AFC,AFCW,AFC West,OR122,0,0,
2014,N,AFC,AFC,AFCW,AFC West,DB106,1,0,
2014,N,AFC,AFC,AFCW,AFC West,SC107,0,0,
2014,N,AFC,AFC,AFCW,AFC West,KC109,0,0,
2014,N,NFC,NFC,NFCE,NFC East,PE066,0,0,
2014,N,NFC,NFC,NFCE,NFC East,NG042,0,0,
2014,N,NFC,NFC,NFCE,NFC East,WR071,0,0,
2014,N,NFC,NFC,NFCE,NFC East,DC098,1,0,
2014,N,NFC,NFC,NFCN,NFC North,GP020,1,0,
2014,N,NFC,NFC,NFCN,NFC North,MV108,0,0,
2014,N,NFC,NFC,NFCN,NFC North,CB026,0,0,
2014,N,NFC,NFC,NFCN,NFC North,DL069,0,0,
2014,N,NFC,NFC,NFCS,NFC South,TB116,0,0,
2014,N,NFC,NFC,NFCS,NFC South,AF112,0,0,
2014,N,NFC,NFC,NFCS,NFC South,NS113,0,0,
2014,N,NFC,NFC,NFCS,NFC South,CP125,1,0,
2014,N,NFC,NFC,NFCW,NFC West,S4086,0,0,
2014,N,NFC,NFC,NFCW,NFC West,SR123,0,0,
2014,N,NFC,NFC,NFCW,NFC West,SS117,1,1,
2014,N,NFC,NFC,NFCW,NFC West,AC121,0,0,
2015,N,AFC,AFC,AFCE,AFC East,NJ110,0,0,
2015,N,AFC,AFC,AFCE,AFC East,NP115,1,0,
2015,N,AFC,AFC,AFCE,AFC East,MD111,0,0,
2015,N,AFC,AFC,AFCE,AFC East,BB101,0,0,
2015,N,AFC,AFC,AFCN,AFC North,PS073,0,0,
2015,N,AFC,AFC,AFCN,AFC North,CB085,0,0,
2015,N,AFC,AFC,AFCN,AFC North,BR126,0,0,
2015,N,AFC,AFC,AFCN,AFC North,CB114,1,0,
2015,N,AFC,AFC,AFCS,AFC South,TT128,0,0,
2015,N,AFC,AFC,AFCS,AFC South,IC119,0,0,
2015,N,AFC,AFC,AFCS,AFC South,JJ125,0,0,
2015,N,AFC,AFC,AFCS,AFC South,HT129,1,0,
2015,N,AFC,AFC,AFCW,AFC West,OR122,0,0,
2015,N,AFC,AFC,AFCW,AFC West,DB106,1,1,
2015,N,AFC,AFC,AFCW,AFC West,SC107,0,0,
2015,N,AFC,AFC,AFCW,AFC West,KC109,0,0,
2015,N,NFC,NFC,NFCE,NFC East,PE066,0,0,
2015,N,NFC,NFC,NFCE,NFC East,NG042,0,0,
2015,N,NFC,NFC,NFCE,NFC East,WR071,1,0,
2015,N,NFC,NFC,NFCE,NFC East,DC098,0,0,
2015,N,NFC,NFC,NFCN,NFC North,GP020,0,0,
2015,N,NFC,NFC,NFCN,NFC North,MV108,1,0,
2015,N,NFC,NFC,NFCN,NFC North,CB026,0,0,
2015,N,NFC,NFC,NFCN,NFC North,DL069,0,0,
2015,N,NFC,NFC,NFCS,NFC South,TB116,0,0,
2015,N,NFC,NFC,NFCS,NFC South,AF112,0,0,
2015,N,NFC,NFC,NFCS,NFC South,NS113,0,0,
2015,N,NFC,NFC,NFCS,NFC South,CP125,1,1,
2015,N,NFC,NFC,NFCW,NFC West,S4086,0,0,
2015,N,NFC,NFC,NFCW,NFC West,SR123,0,0,
2015,N,NFC,NFC,NFCW,NFC West,SS117,0,0,
2015,N,NFC,NFC,NFCW,NFC West,AC121,1,0,
2016,N,AFC,AFC,AFCE,AFC East,NJ110,0,0,
2016,N,AFC,AFC,AFCE,AFC East,NP115,1,1,
2016,N,AFC,AFC,AFCE,AFC East,MD111,0,0,
2016,N,AFC,AFC,AFCE,AFC East,BB101,0,0,
2016,N,AFC,AFC,AFCN,AFC North,PS073,1,0,
2016,N,AFC,AFC,AFCN,AFC North,CB085,0,0,
2016,N,AFC,AFC,AFCN,AFC North,BR126,0,0,
2016,N,AFC,AFC,AFCN,AFC North,CB114,0,0,
2016,N,AFC,AFC,AFCS,AFC South,TT128,0,0,
2016,N,AFC,AFC,AFCS,AFC South,IC119,0,0,
2016,N,AFC,AFC,AFCS,AFC South,JJ125,0,0,
2016,N,AFC,AFC,AFCS,AFC South,HT129,1,0,
2016,N,AFC,AFC,AFCW,AFC West,OR122,0,0,
2016,N,AFC,AFC,AFCW,AFC West,DB106,0,0,
2016,N,AFC,AFC,AFCW,AFC West,SC107,0,0,
2016,N,AFC,AFC,AFCW,AFC West,KC109,1,0,
2016,N,NFC,NFC,NFCE,NFC East,PE066,0,0,
2016,N,NFC,NFC,NFCE,NFC East,NG042,0,0,
2016,N,NFC,NFC,NFCE,NFC East,WR071,0,0,
2016,N,NFC,NFC,NFCE,NFC East,DC098,1,0,
2016,N,NFC,NFC,NFCN,NFC North,GP020,1,0,
2016,N,NFC,NFC,NFCN,NFC North,MV108,0,0,
2016,N,NFC,NFC,NFCN,NFC North,CB026,0,0,
2016,N,NFC,NFC,NFCN,NFC North,DL069,0,0,
2016,N,NFC,NFC,NFCS,NFC South,TB116,0,0,
2016,N,NFC,NFC,NFCS,NFC South,AF112,1,1,
2016,N,NFC,NFC,NFCS,NFC South,NS113,0,0,
2016,N,NFC,NFC,NFCS,NFC South,CP125,0,0,
2016,N,NFC,NFC,NFCW,NFC West,S4086,0,0,
2016,N,NFC,NFC,NFCW,NFC West,LR130,0,0,
2016,N,NFC,NFC,NFCW,NFC West,SS117,1,0,
2016,N,NFC,NFC,NFCW,NFC West,AC121,0,0,
2017,N,AFC,AFC,AFCE,AFC East,NJ110,0,0,
2017,N,AFC,AFC,AFCE,AFC East,NP115,1,1,
2017,N,AFC,AFC,AFCE,AFC East,MD111,0,0,
2017,N,AFC,AFC,AFCE,AFC East,BB101,0,0,
2017,N,AFC,AFC,AFCN,AFC North,PS073,1,0,
2017,N,AFC,AFC,AFCN,AFC North,CB085,0,0,
2017,N,AFC,AFC,AFCN,AFC North,BR126,0,0,
2017,N,AFC,AFC,AFCN,AFC North,CB114,0,0,
2017,N,AFC,AFC,AFCS,AFC South,TT128,0,0,
2017,N,AFC,AFC,AFCS,AFC South,IC119,0,0,
2017,N,AFC,AFC,AFCS,AFC South,JJ125,1,0,
2017,N,AFC,AFC,AFCS,AFC South,HT129,0,0,
2017,N,AFC,AFC,AFCW,AFC West,OR122,0,0,
2017,N,AFC,AFC,AFCW,AFC West,DB106,0,0,
2017,N,AFC,AFC,AFCW,AFC West,LC131,0,0,
2017,N,AFC,AFC,AFCW,AFC West,KC109,1,0,
2017,N,NFC,NFC,NFCE,NFC East,PE066,1,1,
2017,N,NFC,NFC,NFCE,NFC East,NG042,0,0,
2017,N,NFC,NFC,NFCE,NFC East,WR071,0,0,
2017,N,NFC,NFC,NFCE,NFC East,DC098,0,0,
2017,N,NFC,NFC,NFCN,NFC North,GP020,0,0,
2017,N,NFC,NFC,NFCN,NFC North,MV108,1,0,
2017,N,NFC,NFC,NFCN,NFC North,CB026,0,0,
2017,N,NFC,NFC,NFCN,NFC North,DL069,0,0,
2017,N,NFC,NFC,NFCS,NFC South,TB116,0,0,
2017,N,NFC,NFC,NFCS,NFC South,AF112,0,0,
2017,N,NFC,NFC,NFCS,NFC South,NS113,1,0,
2017,N,NFC,NFC,NFCS,NFC South,CP125,0,0,
2017,N,NFC,NFC,NFCW,NFC West,S4086,0,0,
2017,N,NFC,NFC,NFCW,NFC West,LR130,1,0,
2017,N,NFC,NFC,NFCW,NFC West,SS117,0,0,
2017,N,NFC,NFC,NFCW,NFC West,AC121,0,0,
2018,N,AFC,AFC,AFCE,AFC East,NJ110,0,0,
2018,N,AFC,AFC,AFCE,AFC East,NP115,1,1,
2018,N,AFC,AFC,AFCE,AFC East,MD111,0,0,
2018,N,AFC,AFC,AFCE,AFC East,BB101,0,0,
2018,N,AFC,AFC,AFCN,AFC North,PS073,0,0,
2018,N,AFC,AFC,AFCN,AFC North,CB085,0,0,
2018,N,AFC,AFC,AFCN,AFC North,BR126,1,0,
2018,N,AFC,AFC,AFCN,AFC North,CB114,0,0,
2018,N,AFC,AFC,AFCS,AFC South,TT128,0,0,
2018,N,AFC,AFC,AFCS,AFC South,IC119,0,0,
2018,N,AFC,AFC,AFCS,AFC South,JJ125,1,0,
2018,N,AFC,AFC,AFCS,AFC South,HT129,0,0,
2018,N,AFC,AFC,AFCW,AFC West,OR122,0,0,
2018,N,AFC,AFC,AFCW,AFC West,DB106,0,0,
2018,N,AFC,AFC,AFCW,AFC West,LC131,0,0,
2018,N,AFC,AFC,AFCW,AFC West,KC109,1,0,
2018,N,NFC,NFC,NFCE,NFC East,PE066,0,0,
2018,N,NFC,NFC,NFCE,NFC East,NG042,0,0,
2018,N,NFC,NFC,NFCE,NFC East,WR071,0,0,
2018,N,NFC,NFC,NFCE,NFC East,DC098,1,0,
2018,N,NFC,NFC,NFCN,NFC North,GP020,0,0,
2018,N,NFC,NFC,NFCN,NFC North,MV108,0,0,
2018,N,NFC,NFC,NFCN,NFC North,CB026,1,0,
2018,N,NFC,NFC,NFCN,NFC North,DL069,0,0,
2018,N,NFC,NFC,NFCS,NFC South,TB116,0,0,
2018,N,NFC,NFC,NFCS,NFC South,AF112,0,0,
2018,N,NFC,NFC,NFCS,NFC South,NS113,1,0,
2018,N,NFC,NFC,NFCS,NFC South,CP125,0,0,
2018,N,NFC,NFC,NFCW,NFC West,S4086,0,0,
2018,N,NFC,NFC,NFCW,NFC West,LR130,1,1,
2018,N,NFC,NFC,NFCW,NFC West,SS117,0,0,
2018,N,NFC,NFC,NFCW,NFC West,AC121,0,0,
2019,N,AFC,AFC,AFCE,AFC East,NJ110,0,0,
2019,N,AFC,AFC,AFCE,AFC East,NP115,1,0,
2019,N,AFC,AFC,AFCE,AFC East,MD111,0,0,
2019,N,AFC,AFC,AFCE,AFC East,BB101,0,0,
2019,N,AFC,AFC,AFCN,AFC North,PS073,0,0,
2019,N,AFC,AFC,AFCN,AFC North,CB085,0,0,
2019,N,AFC,AFC,AFCN,AFC North,BR126,1,0,
2019,N,AFC,AFC,AFCN,AFC North,CB114,0,0,
2019,N,AFC,AFC,AFCS,AFC South,TT128,0,0,
2019,N,AFC,AFC,AFCS,AFC South,IC119,0,0,
2019,N,AFC,AFC,AFCS,AFC South,JJ125,0,0,
2019,N,AFC,AFC,AFCS,AFC South,HT129,1,0,
2019,N,AFC,AFC,AFCW,AFC West,OR122,0,0,
2019,N,AFC,AFC,AFCW,AFC West,DB106,0,0,
2019,N,AFC,AFC,AFCW,AFC West,LC131,0,0,
2019,N,AFC,AFC,AFCW,AFC West,KC109,1,1,
2019,N,NFC,NFC,NFCE,NFC East,PE066,1,0,
2019,N,NFC,NFC,NFCE,NFC East,NG042,0,0,
2019,N,NFC,NFC,NFCE,NFC East,WR071,0,0,
2019,N,NFC,NFC,NFCE,NFC East,DC098,0,0,
2019,N,NFC,NFC,NFCN,NFC North,GP020,1,0,
2019,N,NFC,NFC,NFCN,NFC North,MV108,0,0,
2019,N,NFC,NFC,NFCN,NFC North,CB026,0,0,
2019,N,NFC,NFC,NFCN,NFC North,DL069,0,0,
2019,N,NFC,NFC,NFCS,NFC South,TB116,0,0,
2019,N,NFC,NFC,NFCS,NFC South,AF112,0,0,
2019,N,NFC,NFC,NFCS,NFC South,NS113,1,0,
2019,N,NFC,NFC,NFCS,NFC South,CP125,0,0,
2019,N,NFC,NFC,NFCW,NFC West,S4086,1,1,
2019,N,NFC,NFC,NFCW,NFC West,LR130,0,0,
2019,N,NFC,NFC,NFCW,NFC West,SS117,0,0,
2019,N,NFC,NFC,NFCW,NFC West,AC121,0,0,
2020,N,AFC,AFC,AFCE,AFC East,NJ110,0,0,
2020,N,AFC,AFC,AFCE,AFC East,NP115,0,0,
2020,N,AFC,AFC,AFCE,AFC East,MD111,0,0,
2020,N,AFC,AFC,AFCE,AFC East,BB101,1,0,
2020,N,AFC,AFC,AFCN,AFC North,PS073,1,0,
2020,N,AFC,AFC,AFCN,AFC North,CB085,0,0,
2020,N,AFC,AFC,AFCN,AFC North,BR126,0,0,
2020,N,AFC,AFC,AFCN,AFC North,CB114,0,0,
2020,N,AFC,AFC,AFCS,AFC South,TT128,1,0,
2020,N,AFC,AFC,AFCS,AFC South,IC119,0,0,
2020,N,AFC,AFC,AFCS,AFC South,JJ125,0,0,
2020,N,AFC,AFC,AFCS,AFC South,HT129,0,0,
2020,N,AFC,AFC,AFCW,AFC West,LV132,0,0,
2020,N,AFC,AFC,AFCW,AFC West,DB106,0,0,
2020,N,AFC,AFC,AFCW,AFC West,LC131,0,0,
2020,N,AFC,AFC,AFCW,AFC West,KC109,1,1,
2020,N,NFC,NFC,NFCE,NFC East,PE066,0,0,
2020,N,NFC,NFC,NFCE,NFC East,NG042,0,0,
2020,N,NFC,NFC,NFCE,NFC East,WT133,1,0,
2020,N,NFC,NFC,NFCE,NFC East,DC098,0,0,
2020,N,NFC,NFC,NFCN,NFC North,GP020,1,0,
2020,N,NFC,NFC,NFCN,NFC North,MV108,0,0,
2020,N,NFC,NFC,NFCN,NFC North,CB026,0,0,
2020,N,NFC,NFC,NFCN,NFC North,DL069,0,0,
2020,N,NFC,NFC,NFCS,NFC South,TB116,0,1,
2020,N,NFC,NFC,NFCS,NFC South,AF112,0,0,
2020,N,NFC,NFC,NFCS,NFC South,NS113,1,0,
2020,N,NFC,NFC,NFCS,NFC South,CP125,0,0,
2020,N,NFC,NFC,NFCW,NFC West,S4086,0,0,
2020,N,NFC,NFC,NFCW,NFC West,LR130,0,0,
2020,N,NFC,NFC,NFCW,NFC West,SS117,1,0,
2020,N,NFC,NFC,NFCW,NFC West,AC121,0,0,
2021,N,AFC,AFC,AFCE,AFC East,NJ110,0,0,
2021,N,AFC,AFC,AFCE,AFC East,NP115,0,0,
2021,N,AFC,AFC,AFCE,AFC East,MD111,0,0,
2021,N,AFC,AFC,AFCE,AFC East,BB101,1,0,
2021,N,AFC,AFC,AFCN,AFC North,PS073,0,0,
2021,N,AFC,AFC,AFCN,AFC North,CB085,0,0,
2021,N,AFC,AFC,AFCN,AFC North,BR126,0,0,
2021,N,AFC,AFC,AFCN,AFC North,CB114,1,1,
2021,N,AFC,AFC,AFCS,AFC South,TT128,1,0,
2021,N,AFC,AFC,AFCS,AFC South,IC119,0,0,
2021,N,AFC,AFC,AFCS,AFC South,JJ125,0,0,
2021,N,AFC,AFC,AFCS,AFC South,HT129,0,0,
2021,N,AFC,AFC,AFCW,AFC West,LV132,0,0,
2021,N,AFC,AFC,AFCW,AFC West,DB106,0,0,
2021,N,AFC,AFC,AFCW,AFC West,LC131,0,0,
2021,N,AFC,AFC,AFCW,AFC West,KC109,1,0,
2021,N,NFC,NFC,NFCE,NFC East,PE066,0,0,
2021,N,NFC,NFC,NFCE,NFC East,NG042,0,0,
2021,N,NFC,NFC,NFCE,NFC East,WT133,0,0,
2021,N,NFC,NFC,NFCE,NFC East,DC098,1,0,
2021,N,NFC,NFC,NFCN,NFC North,GP020,1,0,
2021,N,NFC,NFC,NFCN,NFC North,MV108,0,0,
2021,N,NFC,NFC,NFCN,NFC North,CB026,0,0,
2021,N,NFC,NFC,NFCN,NFC North,DL069,0,0,
2021,N,NFC,NFC,NFCS,NFC South,TB116,1,0,
2021,N,NFC,NFC,NFCS,NFC South,AF112,0,0,
2021,N,NFC,NFC,NFCS,NFC South,NS113,0,0,
2021,N,NFC,NFC,NFCS,NFC South,CP125,0,0,
2021,N,NFC,NFC,NFCW,NFC West,S4086,0,0,
2021,N,NFC,NFC,NFCW,NFC West,LR130,1,1,
2021,N,NFC,NFC,NFCW,NFC West,SS117,0,0,
2021,N,NFC,NFC,NFCW,NFC West,AC121,0,0,
2022,N,AFC,AFC,AFCE,AFC East,NJ110,0,0,
2022,N,AFC,AFC,AFCE,AFC East,NP115,0,0,
2022,N,AFC,AFC,AFCE,AFC East,MD111,0,0,
2022,N,AFC,AFC,AFCE,AFC East,BB101,1,0,
2022,N,AFC,AFC,AFCN,AFC North,PS073,0,0,
2022,N,AFC,AFC,AFCN,AFC North,CB085,0,0,
2022,N,AFC,AFC,AFCN,AFC North,BR126,0,0,
2022,N,AFC,AFC,AFCN,AFC North,CB114,1,0,
2022,N,AFC,AFC,AFCS,AFC South,TT128,0,0,
2022,N,AFC,AFC,AFCS,AFC South,IC119,0,0,
2022,N,AFC,AFC,AFCS,AFC South,JJ125,1,0,
2022,N,AFC,AFC,AFCS,AFC South,HT129,0,0,
2022,N,AFC,AFC,AFCW,AFC West,LV132,0,0,
2022,N,AFC,AFC,AFCW,AFC West,DB106,0,0,
2022,N,AFC,AFC,AFCW,AFC West,LC131,0,0,
2022,N,AFC,AFC,AFCW,AFC West,KC109,1,1,
2022,N,NFC,NFC,NFCE,NFC East,PE066,1,1,
2022,N,NFC,NFC,NFCE,NFC East,NG042,0,0,
2022,N,NFC,NFC,NFCE,NFC East,WC134,0,0,
2022,N,NFC,NFC,NFCE,NFC East,DC098,0,0,
2022,N,NFC,NFC,NFCN,NFC North,GP020,0,0,
2022,N,NFC,NFC,NFCN,NFC North,MV108,1,0,
2022,N,NFC,NFC,NFCN,NFC North,CB026,0,0,
2022,N,NFC,NFC,NFCN,NFC North,DL069,0,0,
2022,N,NFC,NFC,NFCS,NFC South,TB116,1,0,
2022,N,NFC,NFC,NFCS,NFC South,AF112,0,0,
2022,N,NFC,NFC,NFCS,NFC South,NS113,0,0,
2022,N,NFC,NFC,NFCS,NFC South,CP125,0,0,
2022,N,NFC,NFC,NFCW,NFC West,S4086,1,0,
2022,N,NFC,NFC,NFCW,NFC West,LR130,0,0,
2022,N,NFC,NFC,NFCW,NFC West,SS117,0,0,
2022,N,NFC,NFC,NFCW,NFC West,AC121,0,0,
2023,N,AFC,AFC,AFCE,AFC East,NJ110,0,0,
2023,N,AFC,AFC,AFCE,AFC East,NP115,0,0,
2023,N,AFC,AFC,AFCE,AFC East,MD111,0,0,
2023,N,AFC,AFC,AFCE,AFC East,BB101,1,0,
2023,N,AFC,AFC,AFCN,AFC North,PS073,0,0,
2023,N,AFC,AFC,AFCN,AFC North,CB085,0,0,
2023,N,AFC,AFC,AFCN,AFC North,BR126,1,0,
2023,N,AFC,AFC,AFCN,AFC North,CB114,0,0,
2023,N,AFC,AFC,AFCS,AFC South,TT128,0,0,
2023,N,AFC,AFC,AFCS,AFC South,IC119,0,0,
2023,N,AFC,AFC,AFCS,AFC South,JJ125,0,0,
2023,N,AFC,AFC,AFCS,AFC South,HT129,1,0,
2023,N,AFC,AFC,AFCW,AFC West,LV132,0,0,
2023,N,AFC,AFC,AFCW,AFC West,DB106,0,0,
2023,N,AFC,AFC,AFCW,AFC West,LC131,0,0,
2023,N,AFC,AFC,AFCW,AFC West,KC109,1,1,
2023,N,NFC,NFC,NFCE,NFC East,PE066,0,0,
2023,N,NFC,NFC,NFCE,NFC East,NG042,0,0,
2023,N,NFC,NFC,NFCE,NFC East,WC134,0,0,
2023,N,NFC,NFC,NFCE,NFC East,DC098,1,0,
2023,N,NFC,NFC,NFCN,NFC North,GP020,0,0,
2023,N,NFC,NFC,NFCN,NFC North,MV108,0,0,
2023,N,NFC,NFC,NFCN,NFC North,CB026,0,0,
2023,N,NFC,NFC,NFCN,NFC North,DL069,1,0,
2023,N,NFC,NFC,NFCS,NFC South,TB116,1,0,
2023,N,NFC,NFC,NFCS,NFC South,AF112,0,0,
2023,N,NFC,NFC,NFCS,NFC South,NS113,0,0,
2023,N,NFC,NFC,NFCS,NFC South,CP125,0,0,
2023,N,NFC,NFC,NFCW,NFC West,S4086,1,1,
2023,N,NFC,NFC,NFCW,NFC West,LR130,0,0,
2023,N,NFC,NFC,NFCW,NFC West,SS117,0,0,
2023,N,NFC,NFC,NFCW,NFC West,AC121,0,0,
2024,N,AFC,AFC,AFCE,AFC East,NJ110,0,0,
2024,N,AFC,AFC,AFCE,AFC East,NP115,0,0,
2024,N,AFC,AFC,AFCE,AFC East,MD111,0,0,
2024,N,AFC,AFC,AFCE,AFC East,BB101,1,0,
2024,N,AFC,AFC,AFCN,AFC North,PS073,1,0,
2024,N,AFC,AFC,AFCN,AFC North,CB085,0,0,
2024,N,AFC,AFC,AFCN,AFC North,BR126,0,0,
2024,N,AFC,AFC,AFCN,AFC North,CB114,0,0,
2024,N,AFC,AFC,AFCS,AFC South,TT128,0,0,
2024,N,AFC,AFC,AFCS,AFC South,IC119,0,0,
2024,N,AFC,AFC,AFCS,AFC South,JJ125,0,0,
2024,N,AFC,AFC,AFCS,AFC South,HT129,1,0,
2024,N,AFC,AFC,AFCW,AFC West,LV132,0,0,
2024,N,AFC,AFC,AFCW,AFC West,DB106,0,0,
2024,N,AFC,AFC,AFCW,AFC West,LC131,0,0,
2024,N,AFC,AFC,AFCW,AFC West,KC109,1,1,
2024,N,NFC,NFC,NFCE,NFC East,PE066,1,1,
2024,N,NFC,NFC,NFCE,NFC East,NG042,0,0,
2024,N,NFC,NFC,NFCE,NFC East,WC134,0,0,
2024,N,NFC,NFC,NFCE,NFC East,DC098,0,0,
2024,N,NFC,NFC,NFCN,NFC North,GP020,0,0,
2024,N,NFC,NFC,NFCN,NFC North,MV108,0,0,
2024,N,NFC,NFC,NFCN,NFC North,CB026,0,0,
2024,N,NFC,NFC,NFCN,NFC North,DL069,1,0,
2024,N,NFC,NFC,NFCS,NFC South,TB116,1,0,
2024,N,NFC,NFC,NFCS,NFC South,AF112,0,0,
2024,N,NFC,NFC,NFCS,NFC South,NS113,0,0,
2024,N,NFC,NFC,NFCS,NFC South,CP125,0,0,
2024,N,NFC,NFC,NFCW,NFC West,S4086,0,0,
2024,N,NFC,NFC,NFCW,NFC West,LR130,0,0,
2024,N,NFC,NFC,NFCW,NFC West,SS117,1,0,
2024,N,NFC,NFC,NFCW,NFC West,AC121,0,0,
2025,N,AFC,AFC,AFCE,AFC East,NJ110,0,0,
2025,N,AFC,AFC,AFCE,AFC East,NP115,0,0,
2025,N,AFC,AFC,AFCE,AFC East,MD111,0,0,
2025,N,AFC,AFC,AFCE,AFC East,BB101,0,0,
2025,N,AFC,AFC,AFCN,AFC North,PS073,0,0,
2025,N,AFC,AFC,AFCN,AFC North,CB085,0,0,
2025,N,AFC,AFC,AFCN,AFC North,BR126,0,0,
2025,N,AFC,AFC,AFCN,AFC North,CB114,0,0,
2025,N,AFC,AFC,AFCS,AFC South,TT128,0,0,
2025,N,AFC,AFC,AFCS,AFC South,IC119,0,0,
2025,N,AFC,AFC,AFCS,AFC South,JJ125,0,0,
2025,N,AFC,AFC,AFCS,AFC South,HT129,0,0,
2025,N,AFC,AFC,AFCW,AFC West,LV132,0,0,
2025,N,AFC,AFC,AFCW,AFC West,DB106,0,0,
2025,N,AFC,AFC,AFCW,AFC West,LC131,0,0,
2025,N,AFC,AFC,AFCW,AFC West,KC109,0,0,
2025,N,NFC,NFC,NFCE,NFC East,PE066,0,0,
2025,N,NFC,NFC,NFCE,NFC East,NG042,0,0,
2025,N,NFC,NFC,NFCE,NFC East,WC134,0,0,
2025,N,NFC,NFC,NFCE,NFC East,DC098,0,0,
2025,N,NFC,NFC,NFCN,NFC North,GP020,0,0,
2025,N,NFC,NFC,NFCN,NFC North,MV108,0,0,
2025,N,NFC,NFC,NFCN,NFC North,CB026,0,0,
2025,N,NFC,NFC,NFCN,NFC North,DL069,0,0,
2025,N,NFC,NFC,NFCS,NFC South,TB116,0,0,
2025,N,NFC,NFC,NFCS,NFC South,AF112,0,0,
2025,N,NFC,NFC,NFCS,NFC South,NS113,0,0,
2025,N,NFC,NFC,NFCS,NFC South,CP125,0,0,
2025,N,NFC,NFC,NFCW,NFC West,S4086,0,0,
2025,N,NFC,NFC,NFCW,NFC West,LR130,0,0,
2025,N,NFC,NFC,NFCW,NFC West,SS117,0,0,
2025,N,NFC,NFC,NFCW,NFC West,AC121,0,0,
